id,sex,num_timesinarena,coveredy_n,sequence_id,sequence_num,state
13.1,F,1,Y,1,1,NR
13.1,F,1,Y,1,2,TA
13.1,F,1,Y,1,3,TA
13.1,F,1,Y,1,4,T
2.2,F,1,Y,1,1,NR
2.2,F,1,Y,1,2,J
2.2,F,1,Y,1,3,NR
2.2,F,1,Y,1,4,J
2.2,F,1,Y,1,1,NR
2.2,F,1,Y,1,5,TO
2.2,F,1,Y,1,6,TO
2.2,F,1,Y,1,7,TO
2.2,F,1,Y,1,8,TO
2.2,F,1,Y,1,9,TA
45.8,F,4,Y,2,1,J
45.8,F,4,Y,2,2,J
45.8,F,4,Y,2,3,S
45.8,F,4,Y,2,4,RM
45.8,F,4,Y,2,1,S
45.8,F,4,Y,2,5,RM
45.8,F,4,Y,2,6,S
45.8,F,4,Y,2,7,RM
45.8,F,4,Y,2,8,S
45.8,F,4,Y,2,9,TA
45.8,F,4,Y,2,10,J
45.8,F,4,Y,2,11,S
45.8,F,4,Y,2,12,RM
45.8,F,4,Y,2,13,S
45.8,F,4,Y,2,14,RM
45.8,F,4,Y,2,15,TA
45.8,F,4,Y,2,16,R
45.8,F,4,Y,2,17,P
41.9,F,4,Y,2,1,J
41.9,F,4,Y,2,2,TA
41.9,F,4,Y,2,3,S
41.9,F,4,Y,2,4,RM
41.9,F,4,Y,2,1,J
41.9,F,4,Y,2,5,J
41.9,F,4,Y,2,6,TA
41.9,F,4,Y,2,7,S
41.9,F,4,Y,2,8,TA
41.9,F,4,Y,2,9,TA
41.9,F,4,Y,2,10,TA
41.9,F,4,Y,2,11,TA
41.9,F,4,Y,2,12,S
41.9,F,4,Y,2,13,RM
41.9,F,4,Y,2,14,S
41.9,F,4,Y,2,15,S
41.9,F,4,Y,2,16,J
41.9,F,4,Y,2,17,J
41.9,F,4,Y,2,18,TO
41.9,F,4,Y,2,19,TO
41.9,F,4,Y,2,20,S
41.9,F,4,Y,2,21,RM
41.9,F,4,Y,2,22,TA
48.1,F,3,N,2,1,J
48.1,F,3,N,2,2,J
48.1,F,3,N,2,3,J
48.1,F,3,N,2,4,TA
48.1,F,3,N,2,1,J
48.1,F,3,N,2,5,S
48.1,F,3,N,2,6,R
48.1,F,3,N,2,7,S
48.1,F,3,N,2,8,R
48.1,F,3,N,2,9,S
48.1,F,3,N,2,10,R
48.1,F,3,N,2,11,P
48.1,F,3,N,2,12,TO
48.1,F,3,N,2,13,S
48.1,F,3,N,2,14,S
48.1,F,3,N,2,15,R
48.1,F,3,N,2,16,P
48.1,F,3,N,2,17,S
48.1,F,3,N,2,18,CM
48.1,F,3,N,2,19,S
48.1,F,3,N,2,20,J
48.1,F,3,N,2,21,CM
48.1,F,3,N,2,22,S
48.1,F,3,N,2,23,J
48.1,F,3,N,2,24,CM
48.1,F,3,N,2,25,S
48.1,F,3,N,2,26,J
48.1,F,3,N,2,27,S
48.1,F,3,N,2,28,P
48.1,F,3,N,2,29,S
48.1,F,3,N,2,30,R
48.1,F,3,N,2,31,P
48.1,F,3,N,2,32,S
48.1,F,3,N,2,33,S
48.1,F,3,N,2,34,S
48.1,F,3,N,2,35,S
48.1,F,3,N,2,36,P
48.1,F,3,N,2,37,S
48.1,F,3,N,2,38,S
48.1,F,3,N,2,39,R
48.1,F,3,N,2,40,P
48.1,F,3,N,2,41,S
48.1,F,3,N,2,42,S
48.1,F,3,N,2,43,TO
48.1,F,3,N,2,44,TO
48.1,F,3,N,2,45,S
48.1,F,3,N,2,46,TO
48.1,F,3,N,2,47,S
48.1,F,3,N,2,48,S
48.1,F,3,N,2,49,TO
48.1,F,3,N,2,50,S
48.1,F,3,N,2,51,TO
48.1,F,3,N,2,52,S
48.1,F,3,N,2,53,S
48.1,F,3,N,2,54,R
48.1,F,3,N,2,55,S
48.1,F,3,N,2,56,P
48.1,F,3,N,2,57,S
48.1,F,3,N,2,58,S
48.1,F,3,N,2,59,S
48.1,F,3,N,2,60,S
48.1,F,3,N,2,61,S
48.1,F,3,N,2,62,P
48.1,F,3,N,2,63,S
48.1,F,3,N,2,64,S
48.1,F,3,N,2,65,S
48.1,F,3,N,2,66,CM
48.1,F,3,N,2,67,R
7.9,F,3,Y,1,1,J
7.9,F,3,Y,1,2,J
7.9,F,3,Y,1,3,J
7.9,F,3,Y,1,4,J
7.9,F,3,Y,1,5,J
7.9,F,3,Y,1,6,J
7.9,F,3,Y,1,7,J
7.9,F,3,Y,1,8,J
7.9,F,3,Y,1,9,J
7.9,F,3,Y,1,10,J
7.9,F,3,Y,1,11,R
7.9,F,3,Y,1,12,P
7.9,F,3,Y,1,13,TA
7.9,F,3,Y,1,14,S
7.9,F,3,Y,1,15,R
7.9,F,3,Y,1,16,S
7.9,F,3,Y,1,17,R
7.9,F,3,Y,1,18,P
7.9,F,3,Y,1,19,J
7.9,F,3,Y,1,20,TA
7.9,F,3,Y,1,21,S
7.9,F,3,Y,1,22,R
7.9,F,3,Y,1,23,J
7.9,F,3,Y,1,24,R
7.9,F,3,Y,1,25,P
7.9,F,3,Y,1,26,J
7.9,F,3,Y,1,27,TO
7.9,F,3,Y,1,28,J
7.9,F,3,Y,1,29,P
7.9,F,3,Y,1,30,S
7.9,F,3,Y,1,31,TA
7.9,F,3,Y,1,32,S
7.9,F,3,Y,1,33,S
7.9,F,3,Y,1,34,R
7.9,F,3,Y,1,35,S
7.9,F,3,Y,1,36,P
7.9,F,3,Y,1,37,S
7.9,F,3,Y,1,38,S
7.9,F,3,Y,1,39,S
7.9,F,3,Y,1,40,R
7.9,F,3,Y,1,41,S
7.9,F,3,Y,1,42,R
7.9,F,3,Y,1,43,S
7.9,F,3,Y,1,44,S
7.9,F,3,Y,1,45,S
7.9,F,3,Y,1,46,S
7.9,F,3,Y,1,47,CM
7.9,F,3,Y,1,48,S
7.9,F,3,Y,1,49,S
7.9,F,3,Y,1,50,CM
7.9,F,3,Y,1,51,CM
7.9,F,3,Y,1,52,S
7.9,F,3,Y,1,53,R
8.1,F,3,Y,2,1,J
8.1,F,3,Y,2,2,TA
8.1,F,3,Y,2,3,S
8.1,F,3,Y,2,4,S
8.1,F,3,Y,2,5,CM
8.1,F,3,Y,2,6,S
8.1,F,3,Y,2,7,CM
8.1,F,3,Y,2,8,RM
8.1,F,3,Y,2,9,J
8.1,F,3,Y,2,10,J
8.1,F,3,Y,2,11,J
8.1,F,3,Y,2,12,S
8.1,F,3,Y,2,13,CM
8.1,F,3,Y,2,14,RM
8.1,F,3,Y,2,15,S
8.1,F,3,Y,2,16,RM
8.1,F,3,Y,2,17,S
8.1,F,3,Y,2,18,CM
8.1,F,3,Y,2,19,S
8.1,F,3,Y,2,20,R
8.1,F,3,Y,2,21,P
8.1,F,3,Y,2,22,TA
8.1,F,3,Y,2,23,S
8.1,F,3,Y,2,24,P
8.1,F,3,Y,2,25,TO
8.1,F,3,Y,2,26,TA
8.1,F,3,Y,2,27,J
8.1,F,3,Y,2,28,J
8.1,F,3,Y,2,29,J
8.1,F,3,Y,2,30,TO
8.1,F,3,Y,2,31,J
8.1,F,3,Y,2,32,J
8.1,F,3,Y,2,33,TA
8.1,F,3,Y,2,34,TA
8.1,F,3,Y,2,35,S
8.1,F,3,Y,2,36,R
8.1,F,3,Y,2,37,S
8.1,F,3,Y,2,38,TA
8.1,F,3,Y,2,39,S
8.1,F,3,Y,2,40,R
8.1,F,3,Y,2,41,P
8.1,F,3,Y,2,42,J
8.1,F,3,Y,2,43,TA
8.1,F,3,Y,2,44,TA
8.1,F,3,Y,2,45,S
8.1,F,3,Y,2,46,TO
37.7,F,2,Y,2,1,J
37.7,F,2,Y,2,2,J
37.7,F,2,Y,2,3,J
37.7,F,2,Y,2,4,RM
37.7,F,2,Y,2,5,TO
37.7,F,2,Y,2,6,TO
37.7,F,2,Y,2,7,J
37.7,F,2,Y,2,8,J
37.7,F,2,Y,2,9,J
37.7,F,2,Y,2,10,J
37.7,F,2,Y,2,11,TO
37.7,F,2,Y,2,12,J
37.7,F,2,Y,2,13,J
37.7,F,2,Y,2,14,TO
37.7,F,2,Y,2,15,R
37.7,F,2,Y,2,16,J
37.7,F,2,Y,2,17,J
37.7,F,2,Y,2,18,TA
37.7,F,2,Y,2,19,J
37.7,F,2,Y,2,20,J
37.7,F,2,Y,2,21,J
37.7,F,2,Y,2,22,J
37.7,F,2,Y,2,23,R
37.7,F,2,Y,2,24,TA
37.7,F,2,Y,2,25,TA
37.7,F,2,Y,2,26,TO
37.7,F,2,Y,2,27,TA
37.7,F,2,Y,2,28,TA
37.7,F,2,Y,2,29,TO
37.7,F,2,Y,2,30,TA
37.7,F,2,Y,2,31,TO
37.7,F,2,Y,2,32,TO
37.7,F,2,Y,2,33,P
37.7,F,2,Y,2,34,J
37.7,F,2,Y,2,35,TO
31.8,F,2,N,2,1,J
31.8,F,2,N,2,2,J
31.8,F,2,N,2,3,TO
31.8,F,2,N,2,4,P
31.8,F,2,N,2,5,J
31.8,F,2,N,2,6,J
31.8,F,2,N,2,7,J
31.8,F,2,N,2,8,S
31.8,F,2,N,2,9,S
31.8,F,2,N,2,10,R
31.8,F,2,N,2,11,P
31.8,F,2,N,2,12,S
31.8,F,2,N,2,13,S
31.8,F,2,N,2,14,S
31.8,F,2,N,2,15,R
31.8,F,2,N,2,16,P
31.8,F,2,N,2,17,TA
31.8,F,2,N,2,18,J
31.8,F,2,N,2,19,S
31.8,F,2,N,2,20,TO
31.8,F,2,N,2,21,TO
31.8,F,2,N,2,22,S
31.8,F,2,N,2,23,TO
31.8,F,2,N,2,24,R
31.8,F,2,N,2,25,P
31.8,F,2,N,2,26,TA
31.8,F,2,N,2,27,TA
2.2,F,2,N,2,1,J
2.2,F,2,N,2,2,J
2.2,F,2,N,2,3,J
2.2,F,2,N,2,4,J
2.2,F,2,N,2,5,J
2.2,F,2,N,2,6,R
2.2,F,2,N,2,7,P
2.2,F,2,N,2,8,S
2.2,F,2,N,2,9,CM
2.2,F,2,N,2,10,R
2.2,F,2,N,2,11,P
2.2,F,2,N,2,12,J
2.2,F,2,N,2,13,TA
2.2,F,2,N,2,14,TA
2.2,F,2,N,2,15,S
2.2,F,2,N,2,16,S
2.2,F,2,N,2,17,R
2.2,F,2,N,2,18,J
2.2,F,2,N,2,19,TA
2.2,F,2,N,2,20,S
2.2,F,2,N,2,21,S
2.2,F,2,N,2,22,S
2.2,F,2,N,2,23,R
2.2,F,2,N,2,24,P
2.2,F,2,N,2,25,J
2.2,F,2,N,2,26,J
2.2,F,2,N,2,27,S
2.2,F,2,N,2,28,J
2.2,F,2,N,2,29,S
2.2,F,2,N,2,30,S
2.2,F,2,N,2,31,R
17.6,F,1,Y,1,1,J
17.6,F,1,Y,1,2,J
17.6,F,1,Y,1,3,J
17.6,F,1,Y,1,4,J
17.6,F,1,Y,1,5,J
17.6,F,1,Y,1,6,J
17.6,F,1,Y,1,7,J
17.6,F,1,Y,1,8,R
17.6,F,1,Y,1,9,J
17.6,F,1,Y,1,10,P
17.6,F,1,Y,1,11,S
17.6,F,1,Y,1,12,R
17.6,F,1,Y,1,13,P
17.6,F,1,Y,1,14,J
17.6,F,1,Y,1,15,S
17.6,F,1,Y,1,16,S
17.6,F,1,Y,1,17,R
17.6,F,1,Y,1,18,P
17.6,F,1,Y,1,19,S
17.6,F,1,Y,1,20,S
17.6,F,1,Y,1,21,S
17.6,F,1,Y,1,22,S
17.6,F,1,Y,1,23,S
17.6,F,1,Y,1,24,S
17.6,F,1,Y,1,25,S
17.6,F,1,Y,1,26,S
43.3,F,1,Y,1,1,J
43.3,F,1,Y,1,2,TA
43.3,F,1,Y,1,3,TA
43.3,F,1,Y,1,4,S
43.3,F,1,Y,1,5,CM
43.3,F,1,Y,1,6,S
43.3,F,1,Y,1,7,S
43.3,F,1,Y,1,8,S
43.3,F,1,Y,1,9,J
43.3,F,1,Y,1,10,TA
43.3,F,1,Y,1,11,S
43.3,F,1,Y,1,12,S
43.3,F,1,Y,1,13,RM
43.3,F,1,Y,1,14,TA
43.3,F,1,Y,1,15,S
43.3,F,1,Y,1,16,J
43.3,F,1,Y,1,17,J
43.3,F,1,Y,1,18,TA
43.3,F,1,Y,1,19,TA
43.3,F,1,Y,1,20,S
43.3,F,1,Y,1,21,S
43.3,F,1,Y,1,22,S
43.3,F,1,Y,1,23,S
43.3,F,1,Y,1,24,S
43.3,F,1,Y,1,25,S
43.3,F,1,Y,1,26,S
43.3,F,1,Y,1,27,S
46.5,F,1,Y,1,1,TO
46.5,F,1,Y,1,2,TO
46.5,F,1,Y,1,3,TO
46.5,F,1,Y,1,4,TO
46.5,F,1,Y,1,5,TO
3.4,F,2,Y,1,1,NR
3.4,F,2,Y,1,2,J
3.4,F,2,Y,1,3,TA
3.4,F,2,Y,1,4,TA
3.4,F,2,Y,1,5,TA
3.4,F,2,Y,1,6,J
3.4,F,2,Y,1,7,TA
3.4,F,2,Y,1,8,TA
3.4,F,2,Y,1,9,TA
3.4,F,2,Y,1,10,J
3.4,F,2,Y,1,11,TA
3.4,F,2,Y,1,12,TA
3.4,F,2,Y,1,13,TA
3.4,F,2,Y,1,14,TA
45.8,F,1,N,1,1,J
45.8,F,1,N,1,2,TO
45.8,F,1,N,1,3,R
45.8,F,1,N,1,4,S
45.8,F,1,N,1,5,J
45.8,F,1,N,1,6,J
45.8,F,1,N,1,7,S
45.8,F,1,N,1,8,S
45.8,F,1,N,1,9,R
45.8,F,1,N,1,10,P
45.8,F,1,N,1,11,S
45.8,F,1,N,1,12,S
45.8,F,1,N,1,13,P
45.8,F,1,N,1,14,S
45.8,F,1,N,1,15,S
45.8,F,1,N,1,16,R
45.8,F,1,N,1,17,S
45.8,F,1,N,1,18,R
45.8,F,1,N,1,19,S
45.8,F,1,N,1,20,S
45.8,F,1,N,1,21,R
45.8,F,1,N,1,22,P
45.8,F,1,N,1,23,TA
45.8,F,1,N,1,24,J
45.8,F,1,N,1,25,J
45.8,F,1,N,1,26,J
45.8,F,1,N,1,27,S
45.8,F,1,N,1,28,S
45.8,F,1,N,1,29,R
45.8,F,1,N,1,30,P
45.8,F,1,N,1,31,S
45.8,F,1,N,1,32,R
45.8,F,1,N,1,33,S
45.8,F,1,N,1,34,P
45.8,F,1,N,1,35,S
45.8,F,1,N,1,36,R
45.8,F,1,N,1,37,J
45.8,F,1,N,1,38,S
45.8,F,1,N,1,39,R
45.8,F,1,N,1,40,P
45.8,F,1,N,1,41,S
45.8,F,1,N,1,42,S
45.8,F,1,N,1,43,S
45.8,F,1,N,1,44,P
19.7,F,4,Y,1,1,J
19.7,F,4,Y,1,2,J
19.7,F,4,Y,1,3,J
19.7,F,4,Y,1,4,J
19.7,F,4,Y,1,5,J
19.7,F,4,Y,1,6,J
19.7,F,4,Y,1,7,J
19.7,F,4,Y,1,8,J
19.7,F,4,Y,1,9,J
19.7,F,4,Y,1,10,J
19.7,F,4,Y,1,11,J
19.7,F,4,Y,1,12,J
19.7,F,4,Y,1,13,J
19.7,F,4,Y,1,14,J
19.7,F,4,Y,1,15,J
19.7,F,4,Y,1,16,J
19.7,F,4,Y,1,17,J
19.7,F,4,Y,1,18,J
19.7,F,4,Y,1,19,J
19.7,F,4,Y,1,20,J
19.7,F,4,Y,1,21,J
19.7,F,4,Y,1,22,J
19.7,F,4,Y,1,23,J
19.7,F,4,Y,1,24,J
19.7,F,4,Y,1,25,J
19.7,F,4,Y,1,26,J
19.7,F,4,Y,1,27,J
19.7,F,4,Y,1,28,J
19.7,F,4,Y,1,29,J
19.7,F,4,Y,1,30,J
19.7,F,4,Y,1,31,J
19.7,F,4,Y,1,32,J
19.7,F,4,Y,1,33,J
19.7,F,4,Y,1,34,J
19.7,F,4,Y,1,35,J
19.7,F,4,Y,1,36,J
19.7,F,4,Y,1,37,J
19.7,F,4,Y,1,38,J
19.7,F,4,Y,1,39,J
19.7,F,4,Y,1,40,J
19.7,F,4,Y,1,41,J
19.7,F,4,Y,1,42,J
14.5,F,4,N,2,1,J
14.5,F,4,N,2,2,J
14.5,F,4,N,2,3,P
14.5,F,4,N,2,4,R
14.5,F,4,N,2,5,P
14.5,F,4,N,2,6,S
14.5,F,4,N,2,7,CM
14.5,F,4,N,2,8,S
14.5,F,4,N,2,9,CM
14.5,F,4,N,2,10,S
14.5,F,4,N,2,11,R
14.5,F,4,N,2,12,S
14.5,F,4,N,2,13,S
14.5,F,4,N,2,14,S
14.5,F,4,N,2,15,P
14.5,F,4,N,2,16,S
14.5,F,4,N,2,17,R
14.5,F,4,N,2,18,J
14.5,F,4,N,2,19,P
14.5,F,4,N,2,20,J
14.5,F,4,N,2,21,S
14.5,F,4,N,2,22,J
14.5,F,4,N,2,23,TA
14.5,F,4,N,2,24,TA
14.5,F,4,N,2,25,J
14.5,F,4,N,2,26,S
14.5,F,4,N,2,27,R
14.5,F,4,N,2,28,S
14.5,F,4,N,2,29,R
14.5,F,4,N,2,30,P
14.5,F,4,N,2,31,S
14.5,F,4,N,2,32,S
14.5,F,4,N,2,33,J
14.5,F,4,N,2,34,S
14.5,F,4,N,2,35,S
14.5,F,4,N,2,36,R
14.5,F,4,N,2,37,CM
14.5,F,4,N,2,38,S
14.5,F,4,N,2,39,R
14.5,F,4,N,2,40,CM
14.5,F,4,N,2,41,S
14.5,F,4,N,2,42,R
14.5,F,4,N,2,43,P
14.5,F,4,N,2,44,S
14.5,F,4,N,2,45,S
14.5,F,4,N,2,46,S
14.5,F,4,N,2,47,CM
14.5,F,4,N,2,48,TO
14.5,F,4,N,2,49,CM
14.5,F,4,N,2,50,CM
14.5,F,4,N,2,51,S
14.5,F,4,N,2,52,CM
14.5,F,4,N,2,53,CM
14.5,F,4,N,2,54,S
14.5,F,4,N,2,55,CM
14.5,F,4,N,2,56,CM
14.5,F,4,N,2,57,CM
14.5,F,4,N,2,58,S
14.5,F,4,N,2,59,CM
14.5,F,4,N,2,60,S
14.5,F,4,N,2,61,P
14.5,F,4,N,2,62,R
14.5,F,4,N,2,63,TO
14.5,F,4,N,2,64,CM
14.5,F,4,N,2,65,S
14.5,F,4,N,2,66,P
14.5,F,4,N,2,67,CM
14.5,F,4,N,2,68,S
14.5,F,4,N,2,69,CM
14.5,F,4,N,2,70,TA
14.5,F,4,N,2,71,CM
14.5,F,4,N,2,72,TO
14.5,F,4,N,2,73,S
14.5,F,4,N,2,74,CM
14.5,F,4,N,2,75,S
14.5,F,4,N,2,76,S
40.2,F,4,N,1,1,TA
40.2,F,4,N,1,2,TA
40.2,F,4,N,1,3,TA
40.2,F,4,N,1,4,J
40.2,F,4,N,1,5,CM
40.2,F,4,N,1,6,S
40.2,F,4,N,1,7,R
40.2,F,4,N,1,8,S
40.2,F,4,N,1,9,R
40.2,F,4,N,1,10,TO
40.2,F,4,N,1,11,R
40.2,F,4,N,1,12,TO
40.2,F,4,N,1,13,R
40.2,F,4,N,1,14,S
40.2,F,4,N,1,15,TO
40.2,F,4,N,1,16,TO
40.2,F,4,N,1,17,TO
40.2,F,4,N,1,18,S
40.2,F,4,N,1,19,TO
40.2,F,4,N,1,20,P
40.2,F,4,N,1,21,CM
40.2,F,4,N,1,22,S
40.2,F,4,N,1,23,S
40.2,F,4,N,1,24,S
40.2,F,4,N,1,25,S
40.2,F,4,N,1,26,S
40.2,F,4,N,1,27,S
40.2,F,4,N,1,28,TO
40.2,F,4,N,1,29,TA
40.2,F,4,N,1,30,S
40.2,F,4,N,1,31,TO
40.2,F,4,N,1,32,S
40.2,F,4,N,1,33,S
40.2,F,4,N,1,34,S
40.2,F,4,N,1,35,S
40.2,F,4,N,1,36,S
40.2,F,4,N,1,37,P
40.2,F,4,N,1,38,CM
40.2,F,4,N,1,39,S
40.2,F,4,N,1,40,R
40.2,F,4,N,1,41,S
40.2,F,4,N,1,42,P
40.2,F,4,N,1,43,S
40.2,F,4,N,1,44,S
40.2,F,4,N,1,45,R
40.2,F,4,N,1,46,S
40.2,F,4,N,1,47,R
40.2,F,4,N,1,48,P
40.2,F,4,N,1,49,S
40.2,F,4,N,1,50,R
40.2,F,4,N,1,51,TA
40.2,F,4,N,1,52,P
40.2,F,4,N,1,53,TA
40.2,F,4,N,1,54,S
40.2,F,4,N,1,55,S
40.2,F,4,N,1,56,P
40.2,F,4,N,1,57,S
40.2,F,4,N,1,58,R
40.2,F,4,N,1,59,TA
40.2,F,4,N,1,60,R
44.6,F,4,N,1,1,P
44.6,F,4,N,1,2,J
44.6,F,4,N,1,3,R
44.6,F,4,N,1,4,S
44.6,F,4,N,1,5,R
44.6,F,4,N,1,6,S
44.6,F,4,N,1,7,R
44.6,F,4,N,1,8,P
44.6,F,4,N,1,9,J
44.6,F,4,N,1,10,S
44.6,F,4,N,1,11,J
44.6,F,4,N,1,12,S
44.6,F,4,N,1,13,S
44.6,F,4,N,1,14,S
44.6,F,4,N,1,15,S
44.6,F,4,N,1,16,S
44.6,F,4,N,1,17,S
44.6,F,4,N,1,18,RM
44.6,F,4,N,1,19,S
44.6,F,4,N,1,20,S
44.6,F,4,N,1,21,S
44.6,F,4,N,1,22,S
44.6,F,4,N,1,23,S
44.6,F,4,N,1,24,S
44.6,F,4,N,1,25,S
44.6,F,4,N,1,26,RM
44.6,F,4,N,1,27,TA
44.6,F,4,N,1,28,J
44.6,F,4,N,1,29,TO
44.6,F,4,N,1,30,TO
44.6,F,4,N,1,31,R
44.6,F,4,N,1,32,J
44.6,F,4,N,1,33,TO
44.6,F,4,N,1,34,S
44.6,F,4,N,1,35,R
44.6,F,4,N,1,36,P
44.6,F,4,N,1,37,S
44.6,F,4,N,1,38,S
44.6,F,4,N,1,39,S
44.6,F,4,N,1,40,S
44.6,F,4,N,1,41,S
44.6,F,4,N,1,42,R
9.4,F,1,N,1,1,J
9.4,F,1,N,1,2,J
9.4,F,1,N,1,3,J
9.4,F,1,N,1,4,J
9.4,F,1,N,1,5,TO
9.4,F,1,N,1,6,J
9.4,F,1,N,1,7,TO
9.4,F,1,N,1,8,TO
9.4,F,1,N,1,9,TO
9.4,F,1,N,1,10,TO
9.4,F,1,N,1,11,TO
9.4,F,1,N,1,12,TO
9.4,F,1,N,1,13,P
9.4,F,1,N,1,14,S
9.4,F,1,N,1,15,R
9.4,F,1,N,1,16,S
9.4,F,1,N,1,17,R
9.4,F,1,N,1,18,P
9.4,F,1,N,1,19,TO
9.4,F,1,N,1,20,TO
9.4,F,1,N,1,21,TA
9.4,F,1,N,1,22,TA
9.4,F,1,N,1,23,S
9.4,F,1,N,1,24,S
9.4,F,1,N,1,25,R
9.4,F,1,N,1,26,P
9.4,F,1,N,1,27,TO
9.4,F,1,N,1,28,TA
9.4,F,1,N,1,29,TA
9.4,F,1,N,1,30,TA
9.4,F,1,N,1,31,S
9.4,F,1,N,1,32,S
9.4,F,1,N,1,33,S
9.4,F,1,N,1,34,S
9.4,F,1,N,1,35,J
9.4,F,1,N,1,36,TA
9.4,F,1,N,1,37,TA
9.4,F,1,N,1,38,TO
9.4,F,1,N,1,39,P
9.4,F,1,N,1,40,J
9.4,F,1,N,1,41,S
9.4,F,1,N,1,42,S
9.4,F,1,N,1,43,TA
9.4,F,1,N,1,44,S
9.4,F,1,N,1,45,S
9.4,F,1,N,1,46,TA
9.4,F,1,N,1,47,S
24.9,F,1,Y,1,1,J
24.9,F,1,Y,1,2,J
24.9,F,1,Y,1,3,S
24.9,F,1,Y,1,4,J
24.9,F,1,Y,1,5,S
24.9,F,1,Y,1,6,S
24.9,F,1,Y,1,7,CM
24.9,F,1,Y,1,8,J
24.9,F,1,Y,1,9,CM
24.9,F,1,Y,1,10,S
24.9,F,1,Y,1,11,S
24.9,F,1,Y,1,12,CM
24.9,F,1,Y,1,13,S
24.9,F,1,Y,1,14,RM
24.9,F,1,Y,1,15,S
24.9,F,1,Y,1,16,S
24.9,F,1,Y,1,17,S
24.9,F,1,Y,1,18,CM
24.9,F,1,Y,1,19,S
24.9,F,1,Y,1,20,CM
24.9,F,1,Y,1,21,S
24.9,F,1,Y,1,22,CM
24.9,F,1,Y,1,23,S
24.9,F,1,Y,1,24,S
24.9,F,1,Y,1,25,J
24.9,F,1,Y,1,26,S
24.9,F,1,Y,1,27,CM
24.9,F,1,Y,1,28,CM
24.9,F,1,Y,1,29,S
24.9,F,1,Y,1,30,J
24.9,F,1,Y,1,31,S
24.9,F,1,Y,1,32,CM
24.9,F,1,Y,1,33,J
24.9,F,1,Y,1,34,S
24.9,F,1,Y,1,35,S
24.9,F,1,Y,1,36,S
24.9,F,1,Y,1,37,CM
24.9,F,1,Y,1,38,S
24.9,F,1,Y,1,39,CM
24.9,F,1,Y,1,40,S
24.9,F,1,Y,1,41,CM
24.9,F,1,Y,1,42,S
24.9,F,1,Y,1,43,S
24.9,F,1,Y,1,44,CM
24.9,F,1,Y,1,45,J
24.9,F,1,Y,1,46,R
24.9,F,1,Y,1,47,P
24.9,F,1,Y,1,48,TO
24.9,F,1,Y,1,49,J
24.9,F,1,Y,1,50,TA
24.9,F,1,Y,1,51,TA
24.9,F,1,Y,1,52,S
24.9,F,1,Y,1,53,S
24.9,F,1,Y,1,54,S
24.9,F,1,Y,1,55,S
24.9,F,1,Y,1,56,S
24.9,F,1,Y,1,57,S
24.9,F,1,Y,1,58,S
24.9,F,1,Y,1,59,S
24.9,F,1,Y,1,60,S
24.9,F,1,Y,1,61,CM
24.9,F,1,Y,1,62,S
24.9,F,1,Y,1,63,S
24.9,F,1,Y,1,64,S
24.9,F,1,Y,1,65,S
24.9,F,1,Y,1,66,S
24.9,F,1,Y,1,67,J
47.5,F,1,Y,1,1,J
47.5,F,1,Y,1,2,J
47.5,F,1,Y,1,3,RM
47.5,F,1,Y,1,4,J
47.5,F,1,Y,1,5,J
47.5,F,1,Y,1,6,TA
47.5,F,1,Y,1,7,TA
47.5,F,1,Y,1,8,TA
47.5,F,1,Y,1,9,J
47.5,F,1,Y,1,10,TA
47.5,F,1,Y,1,11,TA
47.5,F,1,Y,1,12,S
47.5,F,1,Y,1,13,CM
47.5,F,1,Y,1,14,RM
47.5,F,1,Y,1,15,S
47.5,F,1,Y,1,16,S
47.5,F,1,Y,1,17,S
47.5,F,1,Y,1,18,S
47.5,F,1,Y,1,19,CM
47.5,F,1,Y,1,20,S
47.5,F,1,Y,1,21,RM
47.5,F,1,Y,1,22,S
47.5,F,1,Y,1,23,S
47.5,F,1,Y,1,24,S
47.5,F,1,Y,1,25,S
47.5,F,1,Y,1,26,S
47.5,F,1,Y,1,27,S
47.5,F,1,Y,1,28,S
47.5,F,1,Y,1,29,S
47.5,F,1,Y,1,30,S
47.5,F,1,Y,1,31,RM
47.5,F,1,Y,1,32,TO
47.5,F,1,Y,1,33,S
47.5,F,1,Y,1,34,S
47.5,F,1,Y,1,35,S
47.5,F,1,Y,1,36,S
47.5,F,1,Y,1,37,S
47.5,F,1,Y,1,38,S
47.5,F,1,Y,1,39,S
47.5,F,1,Y,1,40,S
47.5,F,1,Y,1,41,S
47.5,F,1,Y,1,42,RM
47.5,F,1,Y,1,43,S
47.5,F,1,Y,1,44,S
47.5,F,1,Y,1,45,S
47.5,F,1,Y,1,46,S
47.5,F,1,Y,1,47,S
47.5,F,1,Y,1,48,S
47.5,F,1,Y,1,49,S
47.5,F,1,Y,1,50,S
47.5,F,1,Y,1,51,RM
47.5,F,1,Y,1,52,S
47.5,F,1,Y,1,53,S
47.5,F,1,Y,1,54,S
47.5,F,1,Y,1,55,S
47.5,F,1,Y,1,56,S
47.5,F,1,Y,1,57,S
47.5,F,1,Y,1,58,R
47.5,F,1,Y,1,59,P
47.5,F,1,Y,1,60,TA
47.5,F,1,Y,1,61,TA
47.5,F,1,Y,1,62,CM
47.5,F,1,Y,1,63,J
47.5,F,1,Y,1,64,TA
47.5,F,1,Y,1,65,J
47.5,F,1,Y,1,66,TA
47.5,F,1,Y,1,67,TA
47.5,F,1,Y,1,68,TA
47.5,F,1,Y,1,69,J
47.5,F,1,Y,1,70,TA
11.3,F,2,N,1,1,J
11.3,F,2,N,1,2,J
11.3,F,2,N,1,3,J
11.3,F,2,N,1,4,R
11.3,F,2,N,1,5,J
11.3,F,2,N,1,6,S
11.3,F,2,N,1,7,P
11.3,F,2,N,1,8,S
11.3,F,2,N,1,9,S
11.3,F,2,N,1,10,CM
11.3,F,2,N,1,11,S
11.3,F,2,N,1,12,CM
11.3,F,2,N,1,13,S
11.3,F,2,N,1,14,R
11.3,F,2,N,1,15,P
11.3,F,2,N,1,16,TO
11.3,F,2,N,1,17,TA
11.3,F,2,N,1,18,S
11.3,F,2,N,1,19,TA
11.3,F,2,N,1,20,TA
11.3,F,2,N,1,21,CM
11.3,F,2,N,1,22,S
11.3,F,2,N,1,23,R
11.3,F,2,N,1,24,P
11.3,F,2,N,1,25,TA
11.3,F,2,N,1,26,S
11.3,F,2,N,1,27,S
11.3,F,2,N,1,28,S
11.3,F,2,N,1,29,S
11.3,F,2,N,1,30,CM
11.3,F,2,N,1,31,P
11.3,F,2,N,1,32,TO
11.3,F,2,N,1,33,S
11.3,F,2,N,1,34,R
11.3,F,2,N,1,35,P
11.3,F,2,N,1,36,TO
11.3,F,2,N,1,37,TA
11.3,F,2,N,1,38,TA
11.3,F,2,N,1,39,TA
11.3,F,2,N,1,40,S
11.3,F,2,N,1,41,J
11.3,F,2,N,1,42,CM
11.3,F,2,N,1,43,TA
11.3,F,2,N,1,44,S
11.3,F,2,N,1,45,TA
11.3,F,2,N,1,46,S
11.3,F,2,N,1,47,S
11.3,F,2,N,1,48,CM
11.3,F,2,N,1,49,S
11.3,F,2,N,1,50,CM
11.3,F,2,N,1,51,S
11.3,F,2,N,1,52,R
11.3,F,2,N,1,53,S
11.3,F,2,N,1,54,R
11.3,F,2,N,1,55,TA
11.3,F,2,N,1,56,TA
11.3,F,2,N,1,57,CM
11.3,F,2,N,1,58,S
11.3,F,2,N,1,59,S
11.3,F,2,N,1,60,S
11.3,F,2,N,1,61,J
11.3,F,2,N,1,62,CM
11.3,F,2,N,1,63,P
11.3,F,2,N,1,64,S
11.3,F,2,N,1,65,R
11.3,F,2,N,1,66,S
11.3,F,2,N,1,67,P
18.1,F,1,Y,1,1,J
18.1,F,1,Y,1,2,J
18.1,F,1,Y,1,3,TA
18.1,F,1,Y,1,4,TA
18.1,F,1,Y,1,5,J
18.1,F,1,Y,1,6,J
18.1,F,1,Y,1,7,TA
18.1,F,1,Y,1,8,J
18.1,F,1,Y,1,9,S
18.1,F,1,Y,1,10,S
18.1,F,1,Y,1,11,S
18.1,F,1,Y,1,12,J
18.1,F,1,Y,1,13,TA
18.1,F,1,Y,1,14,S
18.1,F,1,Y,1,15,S
18.1,F,1,Y,1,16,S
18.1,F,1,Y,1,17,S
18.1,F,1,Y,1,18,S
18.1,F,1,Y,1,19,S
18.1,F,1,Y,1,20,S
18.1,F,1,Y,1,21,S
18.1,F,1,Y,1,22,RM
18.1,F,1,Y,1,23,R
18.1,F,1,Y,1,24,R
18.1,F,1,Y,1,25,J
18.1,F,1,Y,1,26,J
18.1,F,1,Y,1,27,J
18.1,F,1,Y,1,28,J
18.1,F,1,Y,1,29,J
18.1,F,1,Y,1,30,TO
18.1,F,1,Y,1,31,J
18.1,F,1,Y,1,32,J
18.1,F,1,Y,1,33,J
18.1,F,1,Y,1,34,J
18.1,F,1,Y,1,35,J
18.1,F,1,Y,1,36,J
18.1,F,1,Y,1,37,J
18.1,F,1,Y,1,38,RM
18.1,F,1,Y,1,39,J
18.1,F,1,Y,1,40,RM
18.1,F,1,Y,1,41,J
18.1,F,1,Y,1,42,R
18.1,F,1,Y,1,43,P
18.1,F,1,Y,1,44,J
18.1,F,1,Y,1,45,R
18.1,F,1,Y,1,46,R
1.5,M,2,Y,2,1,J
1.5,M,2,Y,2,2,TA
1.5,M,2,Y,2,3,S
1.5,M,2,Y,2,4,S
1.5,M,2,Y,2,5,J
1.5,M,2,Y,2,6,S
1.5,M,2,Y,2,7,R
1.5,M,2,Y,2,8,J
1.5,M,2,Y,2,9,J
1.5,M,2,Y,2,10,S
1.5,M,2,Y,2,11,J
1.5,M,2,Y,2,12,J
1.5,M,2,Y,2,13,R
1.5,M,2,Y,2,14,J
1.5,M,2,Y,2,15,J
1.5,M,2,Y,2,16,RM
1.5,M,2,Y,2,17,J
1.5,M,2,Y,2,18,TA
1.5,M,2,Y,2,19,S
1.5,M,2,Y,2,20,S
1.5,M,2,Y,2,21,S
1.5,M,2,Y,2,22,RM
1.5,M,2,Y,2,23,S
1.5,M,2,Y,2,24,S
1.5,M,2,Y,2,25,S
1.5,M,2,Y,2,26,J
1.5,M,2,Y,2,27,J
1.5,M,2,Y,2,28,RM
1.5,M,2,Y,2,29,S
1.5,M,2,Y,2,30,S
1.5,M,2,Y,2,31,S
1.5,M,2,Y,2,32,S
1.5,M,2,Y,2,33,S
1.5,M,2,Y,2,34,S
1.5,M,2,Y,2,35,S
1.5,M,2,Y,2,36,S
1.5,M,2,Y,2,37,RM
1.5,M,2,Y,2,38,R
1.5,M,2,Y,2,39,P
1.5,M,2,Y,2,40,J
1.5,M,2,Y,2,41,TO
1.5,M,2,Y,2,42,S
1.5,M,2,Y,2,43,R
6.4,F,2,Y,2,1,J
6.4,F,2,Y,2,2,J
6.4,F,2,Y,2,3,TO
6.4,F,2,Y,2,4,J
6.4,F,2,Y,2,5,CM
6.4,F,2,Y,2,6,J
6.4,F,2,Y,2,7,TO
6.4,F,2,Y,2,8,CM
6.4,F,2,Y,2,9,J
6.4,F,2,Y,2,10,TO
6.4,F,2,Y,2,11,TA
6.4,F,2,Y,2,12,CM
6.4,F,2,Y,2,13,TA
6.4,F,2,Y,2,14,TA
6.4,F,2,Y,2,15,TA
6.4,F,2,Y,2,16,TA
6.4,F,2,Y,2,17,TA
6.4,F,2,Y,2,18,S
6.4,F,2,Y,2,19,RM
6.4,F,2,Y,2,20,S
6.4,F,2,Y,2,21,TA
6.4,F,2,Y,2,22,J
6.4,F,2,Y,2,23,TA
6.4,F,2,Y,2,24,TA
6.4,F,2,Y,2,25,J
6.4,F,2,Y,2,26,TA
6.4,F,2,Y,2,27,S
6.4,F,2,Y,2,28,RM
6.4,F,2,Y,2,29,S
6.4,F,2,Y,2,30,S
6.4,F,2,Y,2,31,S
6.4,F,2,Y,2,32,RM
6.4,F,2,Y,2,33,J
6.4,F,2,Y,2,34,TA
6.4,F,2,Y,2,35,TA
6.4,F,2,Y,2,36,J
6.4,F,2,Y,2,37,TA
6.4,F,2,Y,2,38,TA
6.4,F,2,Y,2,39,S
6.4,F,2,Y,2,40,S
6.4,F,2,Y,2,41,RM
6.4,F,2,Y,2,42,R
16.2,F,2,N,2,1,J
16.2,F,2,N,2,2,J
16.2,F,2,N,2,3,J
16.2,F,2,N,2,4,J
16.2,F,2,N,2,5,J
16.2,F,2,N,2,6,P
16.2,F,2,N,2,7,TO
16.2,F,2,N,2,8,TO
16.2,F,2,N,2,9,TO
16.2,F,2,N,2,10,TA
16.2,F,2,N,2,11,TA
16.2,F,2,N,2,12,TA
16.2,F,2,N,2,13,TO
16.2,F,2,N,2,14,J
16.2,F,2,N,2,15,TA
16.2,F,2,N,2,16,TO
16.2,F,2,N,2,17,TA
16.2,F,2,N,2,18,TA
16.2,F,2,N,2,19,TA
16.2,F,2,N,2,20,TA
16.2,F,2,N,2,21,TA
16.2,F,2,N,2,22,TO
16.2,F,2,N,2,23,R
16.2,F,2,N,2,24,P
16.2,F,2,N,2,25,TO
16.2,F,2,N,2,26,TA
16.2,F,2,N,2,27,TA
22.1,F,1,Y,1,1,J
22.1,F,1,Y,1,2,TA
22.1,F,1,Y,1,3,CM
22.1,F,1,Y,1,4,S
22.1,F,1,Y,1,5,CM
22.1,F,1,Y,1,6,S
22.1,F,1,Y,1,7,S
22.1,F,1,Y,1,8,S
22.1,F,1,Y,1,9,S
22.1,F,1,Y,1,10,TA
22.1,F,1,Y,1,11,S
22.1,F,1,Y,1,12,S
22.1,F,1,Y,1,13,S
22.1,F,1,Y,1,14,S
22.1,F,1,Y,1,15,RM
22.1,F,1,Y,1,16,S
22.1,F,1,Y,1,17,S
22.1,F,1,Y,1,18,S
22.1,F,1,Y,1,19,S
22.1,F,1,Y,1,20,S
22.1,F,1,Y,1,21,S
22.1,F,1,Y,1,22,RM
22.1,F,1,Y,1,23,S
22.1,F,1,Y,1,24,R
22.1,F,1,Y,1,25,J
22.1,F,1,Y,1,26,J
22.1,F,1,Y,1,27,J
22.1,F,1,Y,1,28,TA
22.1,F,1,Y,1,29,TA
22.1,F,1,Y,1,30,TA
22.1,F,1,Y,1,31,TA
22.1,F,1,Y,1,32,J
22.1,F,1,Y,1,33,TA
22.1,F,1,Y,1,34,TA
22.1,F,1,Y,1,35,S
22.1,F,1,Y,1,36,R
22.1,F,1,Y,1,37,S
22.1,F,1,Y,1,38,R
22.1,F,1,Y,1,39,P
22.1,F,1,Y,1,40,TO
22.1,F,1,Y,1,41,TA
22.1,F,1,Y,1,42,S
22.1,F,1,Y,1,43,S
22.1,F,1,Y,1,44,S
22.1,F,1,Y,1,45,P
22.1,F,1,Y,1,46,R
29.8,F,1,N,1,1,J
29.8,F,1,N,1,2,NR
29.8,F,1,N,1,3,TO
29.8,F,1,N,1,4,TO
29.8,F,1,N,1,5,J
29.8,F,1,N,1,6,R
29.8,F,1,N,1,7,NR
33.7,F,1,Y,1,1,J
33.7,F,1,Y,1,2,S
33.7,F,1,Y,1,3,J
33.7,F,1,Y,1,4,S
33.7,F,1,Y,1,5,J
33.7,F,1,Y,1,6,S
33.7,F,1,Y,1,7,S
33.7,F,1,Y,1,8,J
33.7,F,1,Y,1,9,S
33.7,F,1,Y,1,10,TA
33.7,F,1,Y,1,11,S
33.7,F,1,Y,1,12,J
33.7,F,1,Y,1,13,S
33.7,F,1,Y,1,14,S
33.7,F,1,Y,1,15,S
33.7,F,1,Y,1,16,J
33.7,F,1,Y,1,17,S
33.7,F,1,Y,1,18,S
33.7,F,1,Y,1,19,S
33.7,F,1,Y,1,20,TO
33.7,F,1,Y,1,21,J
33.7,F,1,Y,1,22,S
33.7,F,1,Y,1,23,S
33.7,F,1,Y,1,24,S
33.7,F,1,Y,1,25,S
33.7,F,1,Y,1,26,RM
33.7,F,1,Y,1,27,S
33.7,F,1,Y,1,28,TA
33.7,F,1,Y,1,29,S
33.7,F,1,Y,1,30,S
33.7,F,1,Y,1,31,TA
33.7,F,1,Y,1,32,S
33.7,F,1,Y,1,33,S
33.7,F,1,Y,1,34,S
33.7,F,1,Y,1,35,RM
33.7,F,1,Y,1,36,CM
33.7,F,1,Y,1,37,TA
33.7,F,1,Y,1,38,S
33.7,F,1,Y,1,39,CM
33.7,F,1,Y,1,40,RM
33.7,F,1,Y,1,41,TA
33.7,F,1,Y,1,42,TA
33.7,F,1,Y,1,43,CM
33.7,F,1,Y,1,44,TA
33.7,F,1,Y,1,45,CM
33.7,F,1,Y,1,46,TA
33.7,F,1,Y,1,47,NR
33.7,F,1,Y,1,48,S
33.7,F,1,Y,1,49,RM
33.7,F,1,Y,1,50,TA
42.6,F,1,Y,1,1,J
42.6,F,1,Y,1,2,J
42.6,F,1,Y,1,3,S
42.6,F,1,Y,1,4,J
42.6,F,1,Y,1,5,J
42.6,F,1,Y,1,6,J
42.6,F,1,Y,1,7,TA
42.6,F,1,Y,1,8,TA
42.6,F,1,Y,1,9,J
42.6,F,1,Y,1,10,TA
42.6,F,1,Y,1,11,TA
42.6,F,1,Y,1,12,TA
42.6,F,1,Y,1,13,J
42.6,F,1,Y,1,14,J
42.6,F,1,Y,1,15,TA
42.6,F,1,Y,1,16,J
42.6,F,1,Y,1,17,TA
42.6,F,1,Y,1,18,J
42.6,F,1,Y,1,19,TA
42.6,F,1,Y,1,20,TA
42.6,F,1,Y,1,21,TA
42.6,F,1,Y,1,22,TA
42.6,F,1,Y,1,23,TA
28.9,F,2,N,1,1,S
28.9,F,2,N,1,2,S
28.9,F,2,N,1,3,S
28.9,F,2,N,1,4,S
28.9,F,2,N,1,5,S
28.9,F,2,N,1,6,S
28.9,F,2,N,1,7,S
28.9,F,2,N,1,8,S
28.9,F,2,N,1,9,S
28.9,F,2,N,1,10,R
28.9,F,2,N,1,11,P
28.9,F,2,N,1,12,TA
28.9,F,2,N,1,13,TO
28.9,F,2,N,1,14,S
28.9,F,2,N,1,15,S
28.9,F,2,N,1,16,S
28.9,F,2,N,1,17,R
28.9,F,2,N,1,18,S
28.9,F,2,N,1,19,TA
28.9,F,2,N,1,20,TO
28.9,F,2,N,1,21,TA
28.9,F,2,N,1,22,TA
28.9,F,2,N,1,23,S
28.9,F,2,N,1,24,TO
28.9,F,2,N,1,25,S
28.9,F,2,N,1,26,S
28.9,F,2,N,1,27,TO
28.9,F,2,N,1,28,S
28.9,F,2,N,1,29,TO
28.9,F,2,N,1,30,S
28.9,F,2,N,1,31,TO
28.9,F,2,N,1,32,TO
28.9,F,2,N,1,33,J
28.9,F,2,N,1,34,TA
28.9,F,2,N,1,35,S
28.9,F,2,N,1,36,TO
28.9,F,2,N,1,37,S
28.9,F,2,N,1,38,S
28.9,F,2,N,1,39,R
28.9,F,2,N,1,40,S
28.9,F,2,N,1,41,S
28.9,F,2,N,1,42,S
28.9,F,2,N,1,43,S
29.8,F,2,Y,2,1,NR
29.8,F,2,Y,2,2,S
29.8,F,2,Y,2,3,S
29.8,F,2,Y,2,4,S
29.8,F,2,Y,2,5,S
29.8,F,2,Y,2,6,S
29.8,F,2,Y,2,7,S
29.8,F,2,Y,2,8,S
29.8,F,2,Y,2,9,S
29.8,F,2,Y,2,10,S
29.8,F,2,Y,2,11,RM
29.8,F,2,Y,2,12,S
29.8,F,2,Y,2,13,S
29.8,F,2,Y,2,14,RM
29.8,F,2,Y,2,15,S
29.8,F,2,Y,2,16,S
29.8,F,2,Y,2,17,RM
29.8,F,2,Y,2,18,J
29.8,F,2,Y,2,19,S
29.8,F,2,Y,2,20,RM
29.8,F,2,Y,2,21,R
29.8,F,2,Y,2,22,S
29.8,F,2,Y,2,23,J
29.8,F,2,Y,2,24,TA
29.8,F,2,Y,2,25,TA
29.8,F,2,Y,2,26,TA
29.8,F,2,Y,2,27,J
29.8,F,2,Y,2,28,S
29.8,F,2,Y,2,29,S
29.8,F,2,Y,2,30,S
29.8,F,2,Y,2,31,RM
29.8,F,2,Y,2,32,S
29.8,F,2,Y,2,33,S
29.8,F,2,Y,2,34,S
29.8,F,2,Y,2,35,RM
29.8,F,2,Y,2,36,R
29.8,F,2,Y,2,37,TA
33.7,F,2,N,2,1,J
33.7,F,2,N,2,2,S
33.7,F,2,N,2,3,S
33.7,F,2,N,2,4,S
33.7,F,2,N,2,5,S
33.7,F,2,N,2,6,R
33.7,F,2,N,2,7,S
33.7,F,2,N,2,8,S
33.7,F,2,N,2,9,S
33.7,F,2,N,2,10,S
33.7,F,2,N,2,11,S
33.7,F,2,N,2,12,S
33.7,F,2,N,2,13,S
33.7,F,2,N,2,14,S
33.7,F,2,N,2,15,J
33.7,F,2,N,2,16,S
33.7,F,2,N,2,17,R
33.7,F,2,N,2,18,S
33.7,F,2,N,2,19,P
33.7,F,2,N,2,20,S
33.7,F,2,N,2,21,S
33.7,F,2,N,2,22,TA
33.7,F,2,N,2,23,S
33.7,F,2,N,2,24,S
33.7,F,2,N,2,25,S
33.7,F,2,N,2,26,S
33.7,F,2,N,2,27,R
33.7,F,2,N,2,28,S
33.7,F,2,N,2,29,P
33.7,F,2,N,2,30,S
33.7,F,2,N,2,31,S
33.7,F,2,N,2,32,S
33.7,F,2,N,2,33,CM
33.7,F,2,N,2,34,S
33.7,F,2,N,2,35,S
33.7,F,2,N,2,36,S
33.7,F,2,N,2,37,S
33.7,F,2,N,2,38,S
33.7,F,2,N,2,39,S
33.7,F,2,N,2,40,S
33.7,F,2,N,2,41,R
33.7,F,2,N,2,42,P
33.7,F,2,N,2,43,TO
33.7,F,2,N,2,44,S
33.7,F,2,N,2,45,S
33.7,F,2,N,2,46,S
33.7,F,2,N,2,47,S
33.7,F,2,N,2,48,S
33.7,F,2,N,2,49,S
33.7,F,2,N,2,50,S
33.7,F,2,N,2,51,R
33.7,F,2,N,2,52,S
33.7,F,2,N,2,53,S
33.7,F,2,N,2,54,S
33.7,F,2,N,2,55,TO
33.7,F,2,N,2,56,S
33.7,F,2,N,2,57,S
33.7,F,2,N,2,58,S
33.7,F,2,N,2,59,S
33.7,F,2,N,2,60,S
22.1,F,3,N,2,1,TO
22.1,F,3,N,2,2,J
22.1,F,3,N,2,3,TO
22.1,F,3,N,2,4,S
22.1,F,3,N,2,5,R
22.1,F,3,N,2,6,P
22.1,F,3,N,2,7,S
22.1,F,3,N,2,8,S
22.1,F,3,N,2,9,S
22.1,F,3,N,2,10,TA
22.1,F,3,N,2,11,S
22.1,F,3,N,2,12,S
22.1,F,3,N,2,13,S
22.1,F,3,N,2,14,R
22.1,F,3,N,2,15,S
22.1,F,3,N,2,16,P
22.1,F,3,N,2,17,S
22.1,F,3,N,2,18,S
22.1,F,3,N,2,19,S
22.1,F,3,N,2,20,S
22.1,F,3,N,2,21,S
22.1,F,3,N,2,22,R
22.1,F,3,N,2,23,S
22.1,F,3,N,2,24,S
22.1,F,3,N,2,25,S
22.1,F,3,N,2,26,S
22.1,F,3,N,2,27,S
22.1,F,3,N,2,28,R
22.1,F,3,N,2,29,S
22.1,F,3,N,2,30,R
22.1,F,3,N,2,31,TA
22.1,F,3,N,2,32,TA
22.1,F,3,N,2,33,S
22.1,F,3,N,2,34,S
22.1,F,3,N,2,35,R
22.1,F,3,N,2,36,S
22.1,F,3,N,2,37,R
22.1,F,3,N,2,38,TA
22.1,F,3,N,2,39,TA
22.1,F,3,N,2,40,S
22.1,F,3,N,2,41,TA
22.1,F,3,N,2,42,S
22.1,F,3,N,2,43,R
22.1,F,3,N,2,44,S
22.1,F,3,N,2,45,R
49.3,F,2,Y,2,1,J
49.3,F,2,Y,2,2,J
49.3,F,2,Y,2,3,TA
49.3,F,2,Y,2,4,J
49.3,F,2,Y,2,5,TO
49.3,F,2,Y,2,6,J
49.3,F,2,Y,2,7,TA
49.3,F,2,Y,2,8,J
49.3,F,2,Y,2,9,TA
49.3,F,2,Y,2,10,TA
49.3,F,2,Y,2,11,RM
49.3,F,2,Y,2,12,S
49.3,F,2,Y,2,13,S
49.3,F,2,Y,2,14,S
49.3,F,2,Y,2,15,S
49.3,F,2,Y,2,16,S
49.3,F,2,Y,2,17,S
49.3,F,2,Y,2,18,S
49.3,F,2,Y,2,19,S
49.3,F,2,Y,2,20,S
49.3,F,2,Y,2,21,S
49.3,F,2,Y,2,22,S
49.3,F,2,Y,2,23,S
49.3,F,2,Y,2,24,S
49.3,F,2,Y,2,25,S
49.3,F,2,Y,2,26,S
49.3,F,2,Y,2,27,S
49.3,F,2,Y,2,28,S
49.3,F,2,Y,2,29,S
49.3,F,2,Y,2,30,S
49.3,F,2,Y,2,31,S
49.3,F,2,Y,2,32,RM
49.3,F,2,Y,2,33,S
49.3,F,2,Y,2,34,S
49.3,F,2,Y,2,35,S
49.3,F,2,Y,2,36,S
49.3,F,2,Y,2,37,S
49.3,F,2,Y,2,38,S
49.3,F,2,Y,2,39,TO
49.3,F,2,Y,2,40,S
49.3,F,2,Y,2,41,S
49.3,F,2,Y,2,42,S
49.3,F,2,Y,2,43,S
49.3,F,2,Y,2,44,S
49.3,F,2,Y,2,45,S
49.3,F,2,Y,2,46,S
49.3,F,2,Y,2,47,S
49.3,F,2,Y,2,48,TO
49.3,F,2,Y,2,49,S
49.3,F,2,Y,2,50,S
49.3,F,2,Y,2,51,S
49.3,F,2,Y,2,52,S
49.3,F,2,Y,2,53,RM
49.3,F,2,Y,2,54,S
49.3,F,2,Y,2,55,S
49.3,F,2,Y,2,56,S
49.3,F,2,Y,2,57,S
17.6,F,2,N,2,1,R
17.6,F,2,N,2,2,CM
17.6,F,2,N,2,3,S
17.6,F,2,N,2,4,J
17.6,F,2,N,2,5,CM 
17.6,F,2,N,2,6,S
17.6,F,2,N,2,7,R
17.6,F,2,N,2,8,P 
17.6,F,2,N,2,9,S
17.6,F,2,N,2,10,S
17.6,F,2,N,2,11,S
17.6,F,2,N,2,12,R
17.6,F,2,N,2,13,S
17.6,F,2,N,2,14,R
17.6,F,2,N,2,15,S
17.6,F,2,N,2,16,R
17.6,F,2,N,2,17,S
17.6,F,2,N,2,18,R
17.6,F,2,N,2,19,P
17.6,F,2,N,2,20,S
17.6,F,2,N,2,21,S
17.6,F,2,N,2,22,S
17.6,F,2,N,2,23,R
17.6,F,2,N,2,24,S
17.6,F,2,N,2,25,R
17.6,F,2,N,2,26,S
17.6,F,2,N,2,27,R
17.6,F,2,N,2,28,S
17.6,F,2,N,2,29,S
17.6,F,2,N,2,30,S
17.6,F,2,N,2,31,P
17.6,F,2,N,2,32,S
17.6,F,2,N,2,33,S
17.6,F,2,N,2,34,R
43.3,F,2,N,2,1,J
43.3,F,2,N,2,2,R
43.3,F,2,N,2,3,J
43.3,F,2,N,2,4,J
43.3,F,2,N,2,5,R
43.3,F,2,N,2,6,S
43.3,F,2,N,2,7,P 
43.3,F,2,N,2,8,S
43.3,F,2,N,2,9,S
43.3,F,2,N,2,10,S
43.3,F,2,N,2,11,R
43.3,F,2,N,2,12,P
43.3,F,2,N,2,13,J
43.3,F,2,N,2,14,J
43.3,F,2,N,2,15,S
43.3,F,2,N,2,16,J
43.3,F,2,N,2,17,J
43.3,F,2,N,2,18,S
43.3,F,2,N,2,19,S
43.3,F,2,N,2,20,S
43.3,F,2,N,2,21,P
43.3,F,2,N,2,22,S
43.3,F,2,N,2,23,S
43.3,F,2,N,2,24,J
43.3,F,2,N,2,25,J
43.3,F,2,N,2,26,S
43.3,F,2,N,2,27,R
43.3,F,2,N,2,28,S
43.3,F,2,N,2,29,R
43.3,F,2,N,2,30,P
43.3,F,2,N,2,31,S
43.3,F,2,N,2,32,S
43.3,F,2,N,2,33,R
46.5,F,2,N,2,1,J
46.5,F,2,N,2,2,J
46.5,F,2,N,2,3,J
46.5,F,2,N,2,4,J
46.5,F,2,N,2,5,J
46.5,F,2,N,2,6,S
46.5,F,2,N,2,7,R
46.5,F,2,N,2,8,R
46.5,F,2,N,2,9,J
46.5,F,2,N,2,10,J
46.5,F,2,N,2,11,P
46.5,F,2,N,2,12,J
46.5,F,2,N,2,13,J
46.5,F,2,N,2,14,S
46.5,F,2,N,2,15,CM
46.5,F,2,N,2,16,CM
46.5,F,2,N,2,17,S
46.5,F,2,N,2,18,R
46.5,F,2,N,2,19,J
46.5,F,2,N,2,20,J
46.5,F,2,N,2,21,J
46.5,F,2,N,2,22,J
46.5,F,2,N,2,23,J
46.5,F,2,N,2,24,J
46.5,F,2,N,2,25,P
46.5,F,2,N,2,26,S
46.5,F,2,N,2,27,R
46.5,F,2,N,2,28,J
46.5,F,2,N,2,29,J
46.5,F,2,N,2,30,P
46.5,F,2,N,2,31,S
46.5,F,2,N,2,32,R
46.5,F,2,N,2,33,S
41.9,F,2,N,1,1,J
41.9,F,2,N,1,2,J
41.9,F,2,N,1,3,P
41.9,F,2,N,1,4,S
41.9,F,2,N,1,5,S
41.9,F,2,N,1,6,R
41.9,F,2,N,1,7,S
41.9,F,2,N,1,8,J
41.9,F,2,N,1,9,S
41.9,F,2,N,1,10,CM
41.9,F,2,N,1,11,S
41.9,F,2,N,1,12,S
41.9,F,2,N,1,13,CM
41.9,F,2,N,1,14,S
41.9,F,2,N,1,15,CM
41.9,F,2,N,1,16,R
41.9,F,2,N,1,17,J
41.9,F,2,N,1,18,P
41.9,F,2,N,1,19,J
41.9,F,2,N,1,20,S
41.9,F,2,N,1,21,S
41.9,F,2,N,1,22,S
41.9,F,2,N,1,23,P
41.9,F,2,N,1,24,S
41.9,F,2,N,1,25,R
41.9,F,2,N,1,26,S
41.9,F,2,N,1,27,J
41.9,F,2,N,1,28,J
41.9,F,2,N,1,29,P
41.9,F,2,N,1,30,S
41.9,F,2,N,1,31,S
41.9,F,2,N,1,32,J
41.9,F,2,N,1,33,J
41.9,F,2,N,1,34,R
41.9,F,2,N,1,35,S
41.9,F,2,N,1,36,R
41.9,F,2,N,1,37,S
41.9,F,2,N,1,38,R
41.9,F,2,N,1,39,S
41.9,F,2,N,1,40,R
41.9,F,2,N,1,41,P
41.9,F,2,N,1,42,S
41.9,F,2,N,1,43,P
41.9,F,2,N,1,44,S
41.9,F,2,N,1,45,S
41.9,F,2,N,1,46,S
20.4,F,1,Y,1,1,J
20.4,F,1,Y,1,2,J
20.4,F,1,Y,1,3,J
20.4,F,1,Y,1,4,S
20.4,F,1,Y,1,5,S
20.4,F,1,Y,1,6,J
20.4,F,1,Y,1,7,J
20.4,F,1,Y,1,8,J
20.4,F,1,Y,1,9,P 
20.4,F,1,Y,1,10,TO
20.4,F,1,Y,1,11,P
20.4,F,1,Y,1,12,S
20.4,F,1,Y,1,13,R
20.4,F,1,Y,1,14,J
20.4,F,1,Y,1,15,J
20.4,F,1,Y,1,16,J
20.4,F,1,Y,1,17,J
20.4,F,1,Y,1,18,J
20.4,F,1,Y,1,19,P
20.4,F,1,Y,1,20,S
20.4,F,1,Y,1,21,S
20.4,F,1,Y,1,22,J
20.4,F,1,Y,1,23,S
20.4,F,1,Y,1,24,S
20.4,F,1,Y,1,25,J
20.4,F,1,Y,1,26,S
31.8,F,1,Y,1,1,J
31.8,F,1,Y,1,2,J
31.8,F,1,Y,1,3,J
31.8,F,1,Y,1,4,J
31.8,F,1,Y,1,5,J
31.8,F,1,Y,1,6,J
31.8,F,1,Y,1,7,J
31.8,F,1,Y,1,8,J
31.8,F,1,Y,1,9,J
31.8,F,1,Y,1,10,J
31.8,F,1,Y,1,11,J
31.8,F,1,Y,1,12,J
31.8,F,1,Y,1,13,J
37.7,F,1,N,1,1,J
37.7,F,1,N,1,2,J
37.7,F,1,N,1,3,J
37.7,F,1,N,1,4,P
37.7,F,1,N,1,5,J
37.7,F,1,N,1,6,S
37.7,F,1,N,1,7,S
37.7,F,1,N,1,8,R
37.7,F,1,N,1,9,R
37.7,F,1,N,1,10,S
37.7,F,1,N,1,11,R
37.7,F,1,N,1,12,P
37.7,F,1,N,1,13,S
37.7,F,1,N,1,14,S
37.7,F,1,N,1,15,J
37.7,F,1,N,1,16,S
37.7,F,1,N,1,17,R
37.7,F,1,N,1,18,S
37.7,F,1,N,1,19,R
37.7,F,1,N,1,20,P
37.7,F,1,N,1,21,S
37.7,F,1,N,1,22,P
37.7,F,1,N,1,23,S
37.7,F,1,N,1,24,S
37.7,F,1,N,1,25,S
37.7,F,1,N,1,26,R
37.7,F,1,N,1,27,S
37.7,F,1,N,1,28,S
37.7,F,1,N,1,29,S
37.7,F,1,N,1,30,S
37.7,F,1,N,1,31,P
37.7,F,1,N,1,32,S
37.7,F,1,N,1,33,S
37.7,F,1,N,1,34,P
37.7,F,1,N,1,35,S
37.7,F,1,N,1,36,J
37.7,F,1,N,1,37,J
37.7,F,1,N,1,38,J
37.7,F,1,N,1,39,J
37.7,F,1,N,1,40,P
37.7,F,1,N,1,41,S
37.7,F,1,N,1,42,R
37.7,F,1,N,1,43,P
37.7,F,1,N,1,44,S
48.1,F,3,N,2,1,J
48.1,F,3,N,2,2,J
48.1,F,3,N,2,3,J
48.1,F,3,N,2,4,J
48.1,F,3,N,2,5,NR
48.1,F,3,N,2,6,J
48.1,F,3,N,2,7,J
48.1,F,3,N,2,8,J
48.1,F,3,N,2,9,J
48.1,F,3,N,2,10,J
48.1,F,3,N,2,11,J
48.1,F,3,N,2,12,J
48.1,F,3,N,2,13,P
48.1,F,3,N,2,14,TO
48.1,F,3,N,2,15,P
48.1,F,3,N,2,16,J
48.1,F,3,N,2,17,J
48.1,F,3,N,2,18,J
48.1,F,3,N,2,19,J
48.1,F,3,N,2,20,J
48.1,F,3,N,2,21,J
8.1,F,2,N,1,1,J
8.1,F,2,N,1,2,J
8.1,F,2,N,1,3,S
8.1,F,2,N,1,4,R
8.1,F,2,N,1,5,S
8.1,F,2,N,1,6,CM
8.1,F,2,N,1,7,S
8.1,F,2,N,1,8,R
8.1,F,2,N,1,9,J
8.1,F,2,N,1,10,J
8.1,F,2,N,1,11,S
8.1,F,2,N,1,12,S
8.1,F,2,N,1,13,J
8.1,F,2,N,1,14,J
8.1,F,2,N,1,15,S
8.1,F,2,N,1,16,S
8.1,F,2,N,1,17,S
8.1,F,2,N,1,18,S
8.1,F,2,N,1,19,S
8.1,F,2,N,1,20,CM
8.1,F,2,N,1,21,S
8.1,F,2,N,1,22,S
8.1,F,2,N,1,23,CM
8.1,F,2,N,1,24,S
8.1,F,2,N,1,25,R
8.1,F,2,N,1,26,S
8.1,F,2,N,1,27,R
8.1,F,2,N,1,28,S
8.1,F,2,N,1,29,R
8.1,F,2,N,1,30,S
8.1,F,2,N,1,31,S
8.1,F,2,N,1,32,S
8.1,F,2,N,1,33,S
8.1,F,2,N,1,34,S
8.1,F,2,N,1,35,S
8.1,F,2,N,1,36,R
8.1,F,2,N,1,37,P
8.1,F,2,N,1,38,S
8.1,F,2,N,1,39,S
8.1,F,2,N,1,40,S
8.1,F,2,N,1,41,S
8.1,F,2,N,1,42,S
8.1,F,2,N,1,43,S
8.1,F,2,N,1,44,R
8.1,F,2,N,1,45,S
14.5,F,2,Y,1,1,J
14.5,F,2,Y,1,2,J
14.5,F,2,Y,1,3,J
14.5,F,2,Y,1,4,J
14.5,F,2,Y,1,5,J
14.5,F,2,Y,1,6,J
14.5,F,2,Y,1,7,J
14.5,F,2,Y,1,8,J
14.5,F,2,Y,1,9,J
14.5,F,2,Y,1,10,J
14.5,F,2,Y,1,11,J
14.5,F,2,Y,1,12,J
14.5,F,2,Y,1,13,J
14.5,F,2,Y,1,14,J
20.4,F,2,N,2,1,J
20.4,F,2,N,2,2,J
20.4,F,2,N,2,3,J
20.4,F,2,N,2,4,J
20.4,F,2,N,2,5,J
20.4,F,2,N,2,6,J
20.4,F,2,N,2,7,J
20.4,F,2,N,2,8,J
20.4,F,2,N,2,9,J
20.4,F,2,N,2,10,P
20.4,F,2,N,2,11,S
20.4,F,2,N,2,12,R
20.4,F,2,N,2,13,J
20.4,F,2,N,2,14,P
20.4,F,2,N,2,15,S
20.4,F,2,N,2,16,S
20.4,F,2,N,2,17,S
20.4,F,2,N,2,18,CM
20.4,F,2,N,2,19,S
20.4,F,2,N,2,20,S
20.4,F,2,N,2,21,CM
20.4,F,2,N,2,22,R
20.4,F,2,N,2,23,P
20.4,F,2,N,2,24,S
20.4,F,2,N,2,25,J
20.4,F,2,N,2,26,S
20.4,F,2,N,2,27,CM
20.4,F,2,N,2,28,J
20.4,F,2,N,2,29,J
20.4,F,2,N,2,30,CM
20.4,F,2,N,2,31,S
20.4,F,2,N,2,32,R
20.4,F,2,N,2,33,P
20.4,F,2,N,2,34,R
20.4,F,2,N,2,35,J
20.4,F,2,N,2,36,J
20.4,F,2,N,2,37,P
20.4,F,2,N,2,38,S
20.4,F,2,N,2,39,S
20.4,F,2,N,2,40,R
20.4,F,2,N,2,41,J
20.4,F,2,N,2,42,J
20.4,F,2,N,2,43,P
20.4,F,2,N,2,44,S
20.4,F,2,N,2,45,S
20.4,F,2,N,2,46,R
15.2,F,2,Y,1,1,J
15.2,F,2,Y,1,2,J
15.2,F,2,Y,1,3,J
15.2,F,2,Y,1,4,J
15.2,F,2,Y,1,5,J
15.2,F,2,Y,1,6,J
15.2,F,2,Y,1,7,J
15.2,F,2,Y,1,8,J
15.2,F,2,Y,1,9,P
15.2,F,2,Y,1,10,TO
15.2,F,2,Y,1,11,P
15.2,F,2,Y,1,12,R
15.2,F,2,Y,1,13,R
15.2,F,2,Y,1,14,J
15.2,F,2,Y,1,15,J
15.2,F,2,Y,1,16,J
24.9,F,2,N,2,1,J
24.9,F,2,N,2,2,R
24.9,F,2,N,2,3,S
24.9,F,2,N,2,4,R
24.9,F,2,N,2,5,P
24.9,F,2,N,2,6,CM
24.9,F,2,N,2,7,S
24.9,F,2,N,2,8,S
24.9,F,2,N,2,9,R
24.9,F,2,N,2,10,S
24.9,F,2,N,2,11,S
24.9,F,2,N,2,12,J
24.9,F,2,N,2,13,J
24.9,F,2,N,2,14,S
24.9,F,2,N,2,15,J
24.9,F,2,N,2,16,S
24.9,F,2,N,2,17,S
24.9,F,2,N,2,18,S
24.9,F,2,N,2,19,S
24.9,F,2,N,2,20,R
24.9,F,2,N,2,21,S
24.9,F,2,N,2,22,S
24.9,F,2,N,2,23,S
24.9,F,2,N,2,24,S
24.9,F,2,N,2,25,S
24.9,F,2,N,2,26,S
24.9,F,2,N,2,27,S
24.9,F,2,N,2,28,S
24.9,F,2,N,2,29,S
24.9,F,2,N,2,30,S
24.9,F,2,N,2,31,S
24.9,F,2,N,2,32,S
24.9,F,2,N,2,33,S
24.9,F,2,N,2,34,S
24.9,F,2,N,2,35,S
24.9,F,2,N,2,36,S
24.9,F,2,N,2,37,S
24.9,F,2,N,2,38,S
24.9,F,2,N,2,39,R
24.9,F,2,N,2,40,S
24.9,F,2,N,2,41,S
24.9,F,2,N,2,42,J
9.4,F,3,Y,2,1,J
9.4,F,3,Y,2,2,J
9.4,F,3,Y,2,3,J
9.4,F,3,Y,2,4,J
9.4,F,3,Y,2,5,J
9.4,F,3,Y,2,6,J
9.4,F,3,Y,2,7,S
9.4,F,3,Y,2,8,J
9.4,F,3,Y,2,9,J
9.4,F,3,Y,2,10,S
9.4,F,3,Y,2,11,R
9.4,F,3,Y,2,12,J
9.4,F,3,Y,2,13,P
9.4,F,3,Y,2,14,CM
9.4,F,3,Y,2,15,S
9.4,F,3,Y,2,16,S
9.4,F,3,Y,2,17,S
9.4,F,3,Y,2,18,S
9.4,F,3,Y,2,19,S
9.4,F,3,Y,2,20,S
9.4,F,3,Y,2,21,R
9.4,F,3,Y,2,22,S
9.4,F,3,Y,2,23,J
9.4,F,3,Y,2,24,J
9.4,F,3,Y,2,25,S
9.4,F,3,Y,2,26,R
9.4,F,3,Y,2,27,S
9.4,F,3,Y,2,28,R
9.4,F,3,Y,2,29,S
9.4,F,3,Y,2,30,S
9.4,F,3,Y,2,31,S
9.4,F,3,Y,2,32,R
9.4,F,3,Y,2,33,S
9.4,F,3,Y,2,34,R
9.4,F,3,Y,2,35,J
15.2,F,3,N,2,1,J
15.2,F,3,N,2,2,J
15.2,F,3,N,2,3,J
15.2,F,3,N,2,4,J
15.2,F,3,N,2,5,J
15.2,F,3,N,2,6,J
15.2,F,3,N,2,7,R
15.2,F,3,N,2,8,P
15.2,F,3,N,2,9,S
15.2,F,3,N,2,10,S
15.2,F,3,N,2,11,S
15.2,F,3,N,2,12,R
15.2,F,3,N,2,13,S
15.2,F,3,N,2,14,R
15.2,F,3,N,2,15,P
15.2,F,3,N,2,16,S
15.2,F,3,N,2,17,J
15.2,F,3,N,2,18,J
15.2,F,3,N,2,19,J
15.2,F,3,N,2,20,J
15.2,F,3,N,2,21,S
15.2,F,3,N,2,22,R
15.2,F,3,N,2,23,P
15.2,F,3,N,2,24,S
15.2,F,3,N,2,25,R
15.2,F,3,N,2,26,S
15.2,F,3,N,2,27,J
15.2,F,3,N,2,28,J
15.2,F,3,N,2,29,S
15.2,F,3,N,2,30,CM
15.2,F,3,N,2,31,R
15.2,F,3,N,2,32,S
15.2,F,3,N,2,33,P
15.2,F,3,N,2,34,S
15.2,F,3,N,2,35,S
15.2,F,3,N,2,36,S
15.2,F,3,N,2,37,R
15.2,F,3,N,2,38,S
15.2,F,3,N,2,39,S
15.2,F,3,N,2,40,S
26.8,F,3,N,1,1,J
26.8,F,3,N,1,2,J
26.8,F,3,N,1,3,J
26.8,F,3,N,1,4,J
26.8,F,3,N,1,5,R
26.8,F,3,N,1,6,J
26.8,F,3,N,1,7,J
26.8,F,3,N,1,8,J
26.8,F,3,N,1,9,J
26.8,F,3,N,1,10,J
26.8,F,3,N,1,11,J
26.8,F,3,N,1,12,J
26.8,F,3,N,1,13,J
26.8,F,3,N,1,14,J
26.8,F,3,N,1,15,J
26.8,F,3,N,1,16,S
26.8,F,3,N,1,17,S
26.8,F,3,N,1,18,J
26.8,F,3,N,1,19,P
26.8,F,3,N,1,20,S
26.8,F,3,N,1,21,J
26.8,F,3,N,1,22,R
26.8,F,3,N,1,23,J
26.8,F,3,N,1,24,P
26.8,F,3,N,1,25,J
26.8,F,3,N,1,26,J
26.8,F,3,N,1,27,J
26.8,F,3,N,1,28,J
26.8,F,3,N,1,29,P
26.8,F,3,N,1,30,J
26.8,F,3,N,1,31,J
26.8,F,3,N,1,32,J
26.8,F,3,N,1,33,J
26.8,F,3,N,1,34,J
26.8,F,3,N,1,35,S
26.8,F,3,N,1,36,J
26.8,F,3,N,1,37,J
26.8,F,3,N,1,38,S
26.8,F,3,N,1,39,R
26.8,F,3,N,1,40,P
26.8,F,3,N,1,41,J
47.5,F,4,N,2,1,J
47.5,F,4,N,2,2,J
47.5,F,4,N,2,3,S
47.5,F,4,N,2,4,R
47.5,F,4,N,2,5,P
47.5,F,4,N,2,6,S
47.5,F,4,N,2,7,J
47.5,F,4,N,2,8,S
47.5,F,4,N,2,9,R
47.5,F,4,N,2,10,S
47.5,F,4,N,2,11,P
47.5,F,4,N,2,12,S
47.5,F,4,N,2,13,S
47.5,F,4,N,2,14,S
47.5,F,4,N,2,15,P
47.5,F,4,N,2,16,S
47.5,F,4,N,2,17,CM
47.5,F,4,N,2,18,CM
47.5,F,4,N,2,19,S
47.5,F,4,N,2,20,R
47.5,F,4,N,2,21,P
47.5,F,4,N,2,22,S
47.5,F,4,N,2,23,S
47.5,F,4,N,2,24,S
47.5,F,4,N,2,25,S
47.5,F,4,N,2,26,S
47.5,F,4,N,2,27,R
47.5,F,4,N,2,28,S
47.5,F,4,N,2,29,S
47.5,F,4,N,2,30,S
47.5,F,4,N,2,31,CM
47.5,F,4,N,2,32,R
47.5,F,4,N,2,33,S
47.5,F,4,N,2,34,R
47.5,F,4,N,2,35,S
47.5,F,4,N,2,36,S
47.5,F,4,N,2,37,J
47.5,F,4,N,2,38,S
47.5,F,4,N,2,39,S
47.5,F,4,N,2,40,J
36.6,F,3,Y,1,1,J
36.6,F,3,Y,1,2,J
36.6,F,3,Y,1,3,R
36.6,F,3,Y,1,4,S
36.6,F,3,Y,1,5,R
36.6,F,3,Y,1,6,J
36.6,F,3,Y,1,7,J
36.6,F,3,Y,1,8,J
36.6,F,3,Y,1,9,R
36.6,F,3,Y,1,10,J
36.6,F,3,Y,1,11,J
36.6,F,3,Y,1,12,P
36.6,F,3,Y,1,13,S
36.6,F,3,Y,1,14,J
36.6,F,3,Y,1,15,J
36.6,F,3,Y,1,16,S
36.6,F,3,Y,1,17,R
36.6,F,3,Y,1,18,P
36.6,F,3,Y,1,19,J
36.6,F,3,Y,1,20,J
36.6,F,3,Y,1,21,S
36.6,F,3,Y,1,22,J
36.6,F,3,Y,1,23,J
36.6,F,3,Y,1,24,J
36.6,F,3,Y,1,25,J
36.6,F,3,Y,1,26,J
36.6,F,3,Y,1,27,J
36.6,F,3,Y,1,28,P
36.6,F,3,Y,1,29,J
36.6,F,3,Y,1,30,J
36.6,F,3,Y,1,31,S
36.6,F,3,Y,1,32,R
36.6,F,3,Y,1,33,J
36.6,F,3,Y,1,34,J
36.6,F,3,Y,1,35,J
36.6,F,3,Y,1,36,P
36.6,F,3,Y,1,37,J
36.6,F,3,Y,1,38,J
36.6,F,3,Y,1,39,S
38.1,F,3,N,1,1,J
38.1,F,3,N,1,2,J
38.1,F,3,N,1,3,J
38.1,F,3,N,1,4,J
38.1,F,3,N,1,5,J
38.1,F,3,N,1,6,S
38.1,F,3,N,1,7,R
38.1,F,3,N,1,8,J
38.1,F,3,N,1,9,J
38.1,F,3,N,1,10,J
38.1,F,3,N,1,11,P
38.1,F,3,N,1,12,S
38.1,F,3,N,1,13,R
38.1,F,3,N,1,14,S
38.1,F,3,N,1,15,R
38.1,F,3,N,1,16,P
38.1,F,3,N,1,17,S
38.1,F,3,N,1,18,R
38.1,F,3,N,1,19,P
38.1,F,3,N,1,20,S
38.1,F,3,N,1,21,S
38.1,F,3,N,1,22,R
38.1,F,3,N,1,23,P
38.1,F,3,N,1,24,S
38.1,F,3,N,1,25,S
38.1,F,3,N,1,26,R
38.1,F,3,N,1,27,P
38.1,F,3,N,1,28,S
38.1,F,3,N,1,29,R
38.1,F,3,N,1,30,P
38.1,F,3,N,1,31,S
38.1,F,3,N,1,32,CM
38.1,F,3,N,1,33,S
38.1,F,3,N,1,34,S
38.1,F,3,N,1,35,S
38.1,F,3,N,1,36,R
38.1,F,3,N,1,37,S
38.1,F,3,N,1,38,J
38.1,F,3,N,1,39,S
18.1,F,3,N,2,1,J
18.1,F,3,N,2,2,P
18.1,F,3,N,2,3,S
18.1,F,3,N,2,4,R
18.1,F,3,N,2,5,S
18.1,F,3,N,2,6,R
18.1,F,3,N,2,7,P
18.1,F,3,N,2,8,S
18.1,F,3,N,2,9,J
18.1,F,3,N,2,10,P
18.1,F,3,N,2,11,S
18.1,F,3,N,2,12,R
18.1,F,3,N,2,13,S
18.1,F,3,N,2,14,S
18.1,F,3,N,2,15,R
18.1,F,3,N,2,16,S
18.1,F,3,N,2,17,S
18.1,F,3,N,2,18,S
18.1,F,3,N,2,19,S
18.1,F,3,N,2,20,S
18.1,F,3,N,2,21,S
18.1,F,3,N,2,22,S
18.1,F,3,N,2,23,S
18.1,F,3,N,2,24,S
18.1,F,3,N,2,25,J
18.1,F,3,N,2,26,S
18.1,F,3,N,2,27,S
18.1,F,3,N,2,28,S
18.1,F,3,N,2,29,R
18.1,F,3,N,2,30,P
18.1,F,3,N,2,31,S
18.1,F,3,N,2,32,R
18.1,F,3,N,2,33,P
18.1,F,3,N,2,34,S
18.1,F,3,N,2,35,J
18.1,F,3,N,2,36,J
18.1,F,3,N,2,37,J
18.1,F,3,N,2,38,S
1.5,M,1,N,1,1,J
1.5,M,1,N,1,2,J
1.5,M,1,N,1,3,R
1.5,M,1,N,1,4,S
1.5,M,1,N,1,5,R
1.5,M,1,N,1,6,S
1.5,M,1,N,1,7,R
1.5,M,1,N,1,8,S
1.5,M,1,N,1,9,J
1.5,M,1,N,1,10,S
1.5,M,1,N,1,11,S
1.5,M,1,N,1,12,S
1.5,M,1,N,1,13,S
1.5,M,1,N,1,14,S
1.5,M,1,N,1,15,S
1.5,M,1,N,1,16,S
1.5,M,1,N,1,17,S
1.5,M,1,N,1,18,CM
1.5,M,1,N,1,19,S
1.5,M,1,N,1,20,R
1.5,M,1,N,1,21,S
1.5,M,1,N,1,22,R
1.5,M,1,N,1,23,S
1.5,M,1,N,1,24,R
1.5,M,1,N,1,25,S
1.5,M,1,N,1,26,R
1.5,M,1,N,1,27,S
1.5,M,1,N,1,28,S
1.5,M,1,N,1,29,S
1.5,M,1,N,1,30,S
1.5,M,1,N,1,31,J
1.5,M,1,N,1,32,R
1.5,M,1,N,1,33,S
1.5,M,1,N,1,34,S
1.5,M,1,N,1,35,S
1.5,M,1,N,1,36,R
1.5,M,1,N,1,37,S
1.5,M,1,N,1,38,R
6.4,F,1,N,1,1,J
6.4,F,1,N,1,2,J
6.4,F,1,N,1,3,J
6.4,F,1,N,1,4,R
6.4,F,1,N,1,5,P
6.4,F,1,N,1,6,T
6.4,F,1,N,1,7,J
6.4,F,1,N,1,8,J
6.4,F,1,N,1,9,J
6.4,F,1,N,1,10,J
6.4,F,1,N,1,11,J
6.4,F,1,N,1,12,J
6.4,F,1,N,1,13,J
6.4,F,1,N,1,14,J
6.4,F,1,N,1,15,J
6.4,F,1,N,1,16,J
16.2,F,1,Y,1,1,J
16.2,F,1,Y,1,2,J
16.2,F,1,Y,1,3,J
16.2,F,1,Y,1,4,R
16.2,F,1,Y,1,5,P
16.2,F,1,Y,1,6,NR
16.2,F,1,Y,1,7,J
16.2,F,1,Y,1,8,J
16.2,F,1,Y,1,9,J
16.2,F,1,Y,1,10,J
16.2,F,1,Y,1,11,J
16.2,F,1,Y,1,12,J
16.2,F,1,Y,1,13,J
16.2,F,1,Y,1,14,J
16.2,F,1,Y,1,15,J
16.2,F,1,Y,1,16,J
16.2,F,1,Y,1,17,J
16.2,F,1,Y,1,18,J
16.2,F,1,Y,1,19,J
16.2,F,1,Y,1,20,R
16.2,F,1,Y,1,21,P
16.2,F,1,Y,1,22,J
16.2,F,1,Y,1,23,J
28.9,F,3,Y,2,1,J
28.9,F,3,Y,2,2,J
28.9,F,3,Y,2,3,J
28.9,F,3,Y,2,4,J
28.9,F,3,Y,2,5,J
28.9,F,3,Y,2,6,J
28.9,F,3,Y,2,7,J
28.9,F,3,Y,2,8,J
28.9,F,3,Y,2,9,J
28.9,F,3,Y,2,10,R
28.9,F,3,Y,2,11,J
28.9,F,3,Y,2,12,J
28.9,F,3,Y,2,13,J
28.9,F,3,Y,2,14,J
28.9,F,3,Y,2,15,J
28.9,F,3,Y,2,16,J
28.9,F,3,Y,2,17,J
28.9,F,3,Y,2,18,S
28.9,F,3,Y,2,19,S
28.9,F,3,Y,2,20,S
28.9,F,3,Y,2,21,J
28.9,F,3,Y,2,22,S
28.9,F,3,Y,2,23,S
28.9,F,3,Y,2,24,J
28.9,F,3,Y,2,25,S
28.9,F,3,Y,2,26,S
28.9,F,3,Y,2,27,J
28.9,F,3,Y,2,28,J
28.9,F,3,Y,2,29,J
28.9,F,3,Y,2,30,J
28.9,F,3,Y,2,31,S
28.9,F,3,Y,2,32,S
28.9,F,3,Y,2,33,J
42.6,F,3,N,2,1,J
42.6,F,3,N,2,2,P
42.6,F,3,N,2,3,J
42.6,F,3,N,2,4,J
42.6,F,3,N,2,5,J
42.6,F,3,N,2,6,R
42.6,F,3,N,2,7,J
42.6,F,3,N,2,8,P
42.6,F,3,N,2,9,J
42.6,F,3,N,2,10,S
42.6,F,3,N,2,11,R
42.6,F,3,N,2,12,S
42.6,F,3,N,2,13,P
42.6,F,3,N,2,14,S
42.6,F,3,N,2,15,S
42.6,F,3,N,2,16,S
42.6,F,3,N,2,17,S
42.6,F,3,N,2,18,S
42.6,F,3,N,2,19,S
42.6,F,3,N,2,20,S
42.6,F,3,N,2,21,S
42.6,F,3,N,2,22,R
42.6,F,3,N,2,23,S
42.6,F,3,N,2,24,S
42.6,F,3,N,2,25,S
42.6,F,3,N,2,26,S
42.6,F,3,N,2,27,S
42.6,F,3,N,2,28,R
42.6,F,3,N,2,29,J
42.6,F,3,N,2,30,S
42.6,F,3,N,2,31,S
42.6,F,3,N,2,32,R
42.6,F,3,N,2,33,S
42.6,F,3,N,2,34,J
42.6,F,3,N,2,35,J
42.6,F,3,N,2,36,J
42.6,F,3,N,2,37,S
42.6,F,3,N,2,38,R
42.6,F,3,N,2,39,S
42.6,F,3,N,2,40,R
42.6,F,3,N,2,41,P
42.6,F,3,N,2,42,S
42.6,F,3,N,2,43,S
42.6,F,3,N,2,44,S
42.6,F,3,N,2,45,S
42.6,F,3,N,2,46,S
27.6,F,1,Y,1,1,J
27.6,F,1,Y,1,2,J
27.6,F,1,Y,1,3,J
27.6,F,1,Y,1,4,J
27.6,F,1,Y,1,5,J
27.6,F,1,Y,1,6,J
27.6,F,1,Y,1,7,J
27.6,F,1,Y,1,8,J
27.6,F,1,Y,1,9,J
27.6,F,1,Y,1,10,J
27.6,F,1,Y,1,11,J
27.6,F,1,Y,1,12,J
27.6,F,1,Y,1,13,J
27.6,F,1,Y,1,14,J
27.6,F,1,Y,1,15,J
27.6,F,1,Y,1,16,J
27.6,F,1,Y,1,17,J
27.6,F,1,Y,1,18,J
27.6,F,1,Y,1,19,J
27.6,F,1,Y,1,20,J
27.6,F,1,Y,1,21,J
27.6,F,1,Y,1,22,J
27.6,F,1,Y,1,23,J
27.6,F,1,Y,1,24,J
27.6,F,1,Y,1,25,J
27.6,F,1,Y,1,26,J
27.6,F,1,Y,1,27,J
27.6,F,1,Y,1,28,J
27.6,F,1,Y,1,29,J
27.6,F,1,Y,1,30,J
27.6,F,1,Y,1,31,J
27.6,F,1,Y,1,32,J
27.6,F,1,Y,1,33,J
27.6,F,1,Y,1,34,J
27.6,F,1,Y,1,35,J
27.6,F,1,Y,1,36,J
10.7,F,1,Y,1,1,J
10.7,F,1,Y,1,2,J
10.7,F,1,Y,1,3,J
10.7,F,1,Y,1,4,J
10.7,F,1,Y,1,5,J
10.7,F,1,Y,1,6,J
10.7,F,1,Y,1,7,J
10.7,F,1,Y,1,8,J
10.7,F,1,Y,1,9,J
10.7,F,1,Y,1,10,J
10.7,F,1,Y,1,11,J
10.7,F,1,Y,1,12,J
10.7,F,1,Y,1,13,J
10.7,F,1,Y,1,14,J
10.7,F,1,Y,1,15,S
10.7,F,1,Y,1,16,S
10.7,F,1,Y,1,17,CM
10.7,F,1,Y,1,18,S
10.7,F,1,Y,1,19,S
10.7,F,1,Y,1,20,J
10.7,F,1,Y,1,21,S
10.7,F,1,Y,1,22,J
10.7,F,1,Y,1,23,S
10.7,F,1,Y,1,24,S
10.7,F,1,Y,1,25,S
10.7,F,1,Y,1,26,J
10.7,F,1,Y,1,27,J
10.7,F,1,Y,1,28,J
10.7,F,1,Y,1,29,J
10.7,F,1,Y,1,30,J
10.7,F,1,Y,1,31,J
10.7,F,1,Y,1,32,S
10.7,F,1,Y,1,33,S
4.1,F,1,Y,1,1,J
4.1,F,1,Y,1,2,J
4.1,F,1,Y,1,3,J
4.1,F,1,Y,1,4,J
4.1,F,1,Y,1,5,J
4.1,F,1,Y,1,6,NR
4.1,F,1,Y,1,7,S
4.1,F,1,Y,1,8,S
4.1,F,1,Y,1,9,S
4.1,F,1,Y,1,10,CM
4.1,F,1,Y,1,11,J
4.1,F,1,Y,1,12,S
4.1,F,1,Y,1,13,S
4.1,F,1,Y,1,14,S
4.1,F,1,Y,1,15,S
4.1,F,1,Y,1,16,S
4.1,F,1,Y,1,17,J
4.1,F,1,Y,1,18,J
4.1,F,1,Y,1,19,J
4.1,F,1,Y,1,20,J
4.1,F,1,Y,1,21,J
4.1,F,1,Y,1,22,J
4.1,F,1,Y,1,23,J
4.1,F,1,Y,1,24,J
4.1,F,1,Y,1,25,J
4.1,F,1,Y,1,26,J
4.1,F,1,Y,1,27,J
4.1,F,1,Y,1,28,P
4.1,F,1,Y,1,29,TO
4.1,F,1,Y,1,30,P
4.1,F,1,Y,1,31,J
4.1,F,1,Y,1,32,J
4.1,F,1,Y,1,33,J
4.1,F,1,Y,1,34,J
4.1,F,1,Y,1,35,J
4.1,F,1,Y,1,36,J
4.1,F,1,Y,1,37,P
4.1,F,1,Y,1,38,TO
4.1,F,1,Y,1,39,P
4.1,F,1,Y,1,40,S
4.1,F,1,Y,1,41,S
4.1,F,1,Y,1,42,S
32.1,F,1,Y,1,1,J
32.1,F,1,Y,1,2,J
32.1,F,1,Y,1,3,J
32.1,F,1,Y,1,4,J
32.1,F,1,Y,1,5,J
32.1,F,1,Y,1,6,J
32.1,F,1,Y,1,7,J
32.1,F,1,Y,1,8,J
32.1,F,1,Y,1,9,J
32.1,F,1,Y,1,10,J
32.1,F,1,Y,1,11,J
32.1,F,1,Y,1,12,J
32.1,F,1,Y,1,13,S
32.1,F,1,Y,1,14,S
32.1,F,1,Y,1,15,S
32.1,F,1,Y,1,16,S
32.1,F,1,Y,1,17,S
32.1,F,1,Y,1,18,J
32.1,F,1,Y,1,19,P
32.1,F,1,Y,1,20,TO
32.1,F,1,Y,1,21,P
32.1,F,1,Y,1,22,S
32.1,F,1,Y,1,23,S
32.1,F,1,Y,1,24,J
32.1,F,1,Y,1,25,J
32.1,F,1,Y,1,26,S
32.1,F,1,Y,1,27,S
32.1,F,1,Y,1,28,S
32.1,F,1,Y,1,29,J
32.1,F,1,Y,1,30,S
32.1,F,1,Y,1,31,S
32.1,F,1,Y,1,32,J
32.1,F,1,Y,1,33,S
32.1,F,1,Y,1,34,S
32.1,F,1,Y,1,35,S
32.1,F,1,Y,1,36,S
32.1,F,1,Y,1,37,S
32.1,F,1,Y,1,38,S
32.1,F,1,Y,1,39,S
32.1,F,1,Y,1,40,S
25.4,F,1,Y,1,1,J
25.4,F,1,Y,1,2,J
25.4,F,1,Y,1,3,J
25.4,F,1,Y,1,4,J
25.4,F,1,Y,1,5,J
25.4,F,1,Y,1,6,J
25.4,F,1,Y,1,7,J
25.4,F,1,Y,1,8,J
25.4,F,1,Y,1,9,J
25.4,F,1,Y,1,10,J
25.4,F,1,Y,1,11,J
25.4,F,1,Y,1,12,NR
25.4,F,1,Y,1,13,J
25.4,F,1,Y,1,14,J
25.4,F,1,Y,1,15,J
25.4,F,1,Y,1,16,J
25.4,F,1,Y,1,17,J
25.4,F,1,Y,1,18,J
25.4,F,1,Y,1,19,J
25.4,F,1,Y,1,20,J
25.4,F,1,Y,1,21,J
25.4,F,1,Y,1,22,J
25.4,F,1,Y,1,23,J
39.9,F,1,N,1,1,J
39.9,F,1,N,1,2,J
39.9,F,1,N,1,3,J
39.9,F,1,N,1,4,J
39.9,F,1,N,1,5,J
39.9,F,1,N,1,6,J
39.9,F,1,N,1,7,J
39.9,F,1,N,1,8,P
39.9,F,1,N,1,9,R
39.9,F,1,N,1,10,J
39.9,F,1,N,1,11,J
39.9,F,1,N,1,12,J
39.9,F,1,N,1,13,P
39.9,F,1,N,1,14,J
39.9,F,1,N,1,15,J
39.9,F,1,N,1,16,J
39.9,F,1,N,1,17,J
39.9,F,1,N,1,18,J
39.9,F,1,N,1,19,J
39.9,F,1,N,1,20,J
39.9,F,1,N,1,21,S
39.9,F,1,N,1,22,R
39.9,F,1,N,1,23,J
39.9,F,1,N,1,24,J
39.9,F,1,N,1,25,J
39.9,F,1,N,1,26,J
39.9,F,1,N,1,27,J
39.9,F,1,N,1,28,P
39.9,F,1,N,1,29,S
39.9,F,1,N,1,30,S
49.3,F,1,N,1,1,J
49.3,F,1,N,1,2,J
49.3,F,1,N,1,3,J
49.3,F,1,N,1,4,J
49.3,F,1,N,1,5,J
49.3,F,1,N,1,6,J
49.3,F,1,N,1,7,J
49.3,F,1,N,1,8,J
49.3,F,1,N,1,9,P
49.3,F,1,N,1,10,J
49.3,F,1,N,1,11,J
49.3,F,1,N,1,12,J
49.3,F,1,N,1,13,J
49.3,F,1,N,1,14,J
49.3,F,1,N,1,15,J
49.3,F,1,N,1,16,J
49.3,F,1,N,1,17,J
49.3,F,1,N,1,18,J
49.3,F,1,N,1,19,J
49.3,F,1,N,1,20,J
49.3,F,1,N,1,21,J
49.3,F,1,N,1,22,J
49.3,F,1,N,1,23,J
49.3,F,1,N,1,24,J
49.3,F,1,N,1,25,J
49.3,F,1,N,1,26,J
49.3,F,1,N,1,27,J
49.3,F,1,N,1,28,J
49.3,F,1,N,1,29,J
49.3,F,1,N,1,30,J
49.3,F,1,N,1,31,J
49.3,F,1,N,1,32,J
4.1,F,2,N,2,1,J
4.1,F,2,N,2,2,J
4.1,F,2,N,2,3,J
4.1,F,2,N,2,4,J
4.1,F,2,N,2,5,J
4.1,F,2,N,2,6,P
4.1,F,2,N,2,7,S
4.1,F,2,N,2,8,R
4.1,F,2,N,2,9,P
4.1,F,2,N,2,10,S
4.1,F,2,N,2,11,S
4.1,F,2,N,2,12,S
4.1,F,2,N,2,13,R
4.1,F,2,N,2,14,S
4.1,F,2,N,2,15,R
4.1,F,2,N,2,16,S
4.1,F,2,N,2,17,P
4.1,F,2,N,2,18,S
4.1,F,2,N,2,19,S
4.1,F,2,N,2,20,P
4.1,F,2,N,2,21,S
4.1,F,2,N,2,22,S
4.1,F,2,N,2,23,S
4.1,F,2,N,2,24,S
4.1,F,2,N,2,25,R
4.1,F,2,N,2,26,P
4.1,F,2,N,2,27,S
4.1,F,2,N,2,28,S
4.1,F,2,N,2,29,R
4.1,F,2,N,2,30,S
4.1,F,2,N,2,31,CM
4.1,F,2,N,2,32,S
4.1,F,2,N,2,33,S
4.1,F,2,N,2,34,S
4.1,F,2,N,2,35,R
4.1,F,2,N,2,36,P
4.1,F,2,N,2,37,S
4.1,F,2,N,2,38,S
4.1,F,2,N,2,39,S
4.1,F,2,N,2,40,R
4.1,F,2,N,2,41,P
4.1,F,2,N,2,42,S
4.1,F,2,N,2,43,R
4.1,F,2,N,2,44,S
4.1,F,2,N,2,45,S
5.8,F,2,N,1,1,J
5.8,F,2,N,1,2,J
5.8,F,2,N,1,3,J
5.8,F,2,N,1,4,J
5.8,F,2,N,1,5,S
5.8,F,2,N,1,6,R
5.8,F,2,N,1,7,J
5.8,F,2,N,1,8,P
5.8,F,2,N,1,9,J
5.8,F,2,N,1,10,J
5.8,F,2,N,1,11,J
5.8,F,2,N,1,12,P
5.8,F,2,N,1,13,J
5.8,F,2,N,1,14,J
5.8,F,2,N,1,15,J
5.8,F,2,N,1,16,J
5.8,F,2,N,1,17,J
5.8,F,2,N,1,18,S
5.8,F,2,N,1,19,S
5.8,F,2,N,1,20,S
5.8,F,2,N,1,21,R
5.8,F,2,N,1,22,J
5.8,F,2,N,1,23,P
5.8,F,2,N,1,24,J
5.8,F,2,N,1,25,J
5.8,F,2,N,1,26,J
5.8,F,2,N,1,27,J
5.8,F,2,N,1,28,J
5.8,F,2,N,1,29,J
5.8,F,2,N,1,30,J
5.8,F,2,N,1,31,J
5.8,F,2,N,1,32,S
5.8,F,2,N,1,33,R
5.8,F,2,N,1,34,J
5.8,F,2,N,1,35,J
5.8,F,2,N,1,36,P
5.8,F,2,N,1,37,S
5.8,F,2,N,1,38,S
5.8,F,2,N,1,39,J
5.8,F,2,N,1,40,J
5.8,F,2,N,1,41,J
5.8,F,2,N,1,42,S
39.9,F,2,Y,2,1,J
39.9,F,2,Y,2,2,J
39.9,F,2,Y,2,3,J
39.9,F,2,Y,2,4,J
39.9,F,2,Y,2,5,J
39.9,F,2,Y,2,6,J
39.9,F,2,Y,2,7,J
39.9,F,2,Y,2,8,J
39.9,F,2,Y,2,9,J
39.9,F,2,Y,2,10,J
39.9,F,2,Y,2,11,J
39.9,F,2,Y,2,12,J
39.9,F,2,Y,2,13,J
39.9,F,2,Y,2,14,J
39.9,F,2,Y,2,15,J
39.9,F,2,Y,2,16,J
39.9,F,2,Y,2,17,J
39.9,F,2,Y,2,18,J
39.9,F,2,Y,2,19,J
39.9,F,2,Y,2,20,j
39.9,F,2,Y,2,21,J
39.9,F,2,Y,2,22,J
39.9,F,2,Y,2,23,J
39.9,F,2,Y,2,24,J
39.9,F,2,Y,2,25,J
39.9,F,2,Y,2,26,S
39.9,F,2,Y,2,27,J
39.9,F,2,Y,2,28,J
39.9,F,2,Y,2,29,J
39.9,F,2,Y,2,30,CM
39.9,F,2,Y,2,31,J
39.9,F,2,Y,2,32,J
39.9,F,2,Y,2,33,J
39.9,F,2,Y,2,34,J
39.9,F,2,Y,2,35,J
39.9,F,2,Y,2,36,S
39.9,F,2,Y,2,37,S
39.9,F,2,Y,2,38,S
39.9,F,2,Y,2,39,S
39.9,F,2,Y,2,40,S
39.9,F,2,Y,2,41,S
39.9,F,2,Y,2,42,R
13.1,F,2,N,2,1,P
13.1,F,2,N,2,2,TO
13.1,F,2,N,2,3,J
13.1,F,2,N,2,4,J
13.1,F,2,N,2,5,J
13.1,F,2,N,2,6,S
13.1,F,2,N,2,7,R
13.1,F,2,N,2,8,S
13.1,F,2,N,2,9,R
13.1,F,2,N,2,10,J
13.1,F,2,N,2,11,S
13.1,F,2,N,2,12,S
13.1,F,2,N,2,13,S
13.1,F,2,N,2,14,S
13.1,F,2,N,2,15,S
13.1,F,2,N,2,16,CM
13.1,F,2,N,2,17,S
13.1,F,2,N,2,18,R
13.1,F,2,N,2,19,J
13.1,F,2,N,2,20,S
13.1,F,2,N,2,21,S
13.1,F,2,N,2,22,S
13.1,F,2,N,2,23,J
13.1,F,2,N,2,24,J
13.1,F,2,N,2,25,J
13.1,F,2,N,2,26,S
13.1,F,2,N,2,27,S
13.1,F,2,N,2,28,R
13.1,F,2,N,2,29,S
13.1,F,2,N,2,30,R
13.1,F,2,N,2,31,S
13.1,F,2,N,2,32,R
13.1,F,2,N,2,33,J
13.1,F,2,N,2,34,J
13.1,F,2,N,2,35,J
13.1,F,2,N,2,36,S
13.1,F,2,N,2,37,J
13.1,F,2,N,2,38,S
13.1,F,2,N,2,39,P
13.1,F,2,N,2,40,S
13.1,F,2,N,2,41,R
13.1,F,2,N,2,42,S
13.1,F,2,N,2,43,R
13.1,F,2,N,2,44,S
13.1,F,2,N,2,45,R
